-- MySQL dump 10.13  Distrib 8.4.2, for macos14.4 (arm64)
--
-- Host: 127.0.0.1    Database: nebula
-- ------------------------------------------------------
-- Server version	9.1.0

/*!40101 SET @OLD_CHARACTER_SET_CLIENT=@@CHARACTER_SET_CLIENT */;
/*!40101 SET @OLD_CHARACTER_SET_RESULTS=@@CHARACTER_SET_RESULTS */;
/*!40101 SET @OLD_COLLATION_CONNECTION=@@COLLATION_CONNECTION */;
/*!50503 SET NAMES utf8mb4 */;
/*!40103 SET @OLD_TIME_ZONE=@@TIME_ZONE */;
/*!40103 SET TIME_ZONE='+00:00' */;
/*!40014 SET @OLD_UNIQUE_CHECKS=@@UNIQUE_CHECKS, UNIQUE_CHECKS=0 */;
/*!40014 SET @OLD_FOREIGN_KEY_CHECKS=@@FOREIGN_KEY_CHECKS, FOREIGN_KEY_CHECKS=0 */;
/*!40101 SET @OLD_SQL_MODE=@@SQL_MODE, SQL_MODE='NO_AUTO_VALUE_ON_ZERO' */;
/*!40111 SET @OLD_SQL_NOTES=@@SQL_NOTES, SQL_NOTES=0 */;

--
-- Table structure for table `sys_api`
--

DROP TABLE IF EXISTS `sys_api`;
/*!40101 SET @saved_cs_client     = @@character_set_client */;
/*!50503 SET character_set_client = utf8mb4 */;
CREATE TABLE `sys_api` (
  `id` bigint unsigned NOT NULL COMMENT 'ID',
  `create_time` timestamp NOT NULL DEFAULT CURRENT_TIMESTAMP COMMENT '创建时间',
  `update_time` timestamp NOT NULL DEFAULT CURRENT_TIMESTAMP ON UPDATE CURRENT_TIMESTAMP COMMENT '更新时间',
  `create_user` bigint unsigned DEFAULT NULL COMMENT '创建人',
  `update_user` bigint unsigned DEFAULT NULL COMMENT '更新人',
  `module` bigint unsigned DEFAULT NULL COMMENT '菜单ID',
  `name` varchar(100) CHARACTER SET utf8mb4 COLLATE utf8mb4_0900_ai_ci NOT NULL COMMENT '名称',
  `access` varchar(100) CHARACTER SET utf8mb4 COLLATE utf8mb4_general_ci DEFAULT NULL COMMENT '权限标识',
  `type` int DEFAULT NULL COMMENT '类型',
  `enabled` tinyint DEFAULT '0' COMMENT '是否启用（0 否 1 是）',
  `deleted` tinyint DEFAULT '0' COMMENT '是否删除（0 否 1 是）',
  PRIMARY KEY (`id`)
) ENGINE=InnoDB DEFAULT CHARSET=utf8mb4 COLLATE=utf8mb4_general_ci COMMENT='接口管理';
/*!40101 SET character_set_client = @saved_cs_client */;

--
-- Dumping data for table `sys_api`
--

LOCK TABLES `sys_api` WRITE;
/*!40000 ALTER TABLE `sys_api` DISABLE KEYS */;
INSERT INTO `sys_api` VALUES (1,'2024-11-26 04:52:09','2025-05-06 03:42:32',NULL,NULL,2026094149145600,'菜单权限接口','system:menu:access',NULL,0,0),(2,'2024-11-26 04:52:09','2024-12-02 06:50:06',NULL,NULL,2026094418236416,'列表接口','development:api:list',NULL,0,0),(3,'2024-11-26 04:52:09','2024-12-02 06:50:12',NULL,NULL,2026094418236416,'删除接口','development:api:remove',NULL,0,0),(4,'2024-11-26 04:52:09','2024-12-02 06:50:16',NULL,NULL,2026094418236416,'明细接口','development:api:get',NULL,0,0),(5,'2024-11-26 04:52:09','2024-12-02 06:50:20',NULL,NULL,2026094418236416,'新增接口','development:api:add',NULL,0,0),(6,'2024-11-26 04:52:09','2024-12-02 06:50:28',NULL,NULL,2026094418236416,'更新接口','development:api:modify',NULL,0,0),(7,'2024-11-26 04:52:09','2024-12-02 06:50:34',NULL,NULL,2026094418236416,'更新接口','development:menu:modify',NULL,0,0),(2019056989787136,'2024-11-27 07:30:58','2024-12-02 06:50:56',NULL,NULL,2026094149145600,'列表接口','development:menu:list',NULL,0,0),(2019067968099328,'2024-11-27 07:42:08','2024-12-02 06:51:00',NULL,NULL,2026094149145600,'明细接口','development:menu:get',NULL,0,0),(2019076986131456,'2024-11-27 08:51:19','2024-12-02 06:51:05',NULL,NULL,2026094149145600,'新增接口','development:menu:add',NULL,0,0),(2020274677158912,'2024-11-28 04:09:40','2024-12-02 06:51:12',NULL,NULL,2026094149145600,'删除接口','development:menu:remove',NULL,0,0),(2020274677158913,'2024-11-28 05:09:54','2024-12-02 08:01:33',NULL,NULL,2026038918730752,'列表接口','system:role:list',NULL,0,0),(2020274677158914,'2024-11-29 03:03:24','2024-12-02 05:54:19',NULL,NULL,2026038918730752,'新增接口','system:role:add',NULL,0,0),(2026168743891968,'2024-12-02 08:05:25','2024-12-02 08:05:25',NULL,NULL,2026038918730752,'明细接口','system:role:get',NULL,0,0),(2026218148172800,'2024-12-02 08:55:41','2024-12-02 08:55:41',NULL,NULL,2026038918730752,'删除接口','system:role:remove',NULL,0,0),(2026255518471168,'2024-12-02 09:33:42','2024-12-02 09:33:42',NULL,NULL,2026038918730752,'更新接口','system:role:modify',NULL,0,0),(2027552752751616,'2024-12-03 07:33:19','2024-12-03 07:33:19',NULL,NULL,2026039174796288,'列表接口','system:user:list',NULL,0,0),(2027553046418432,'2024-12-03 07:33:37','2024-12-03 07:33:37',NULL,NULL,2026039174796288,'新增接口','system:user:add',NULL,0,0),(2027553405277184,'2024-12-03 07:33:58','2024-12-03 07:33:58',NULL,NULL,2026039174796288,'明细接口','system:user:get',NULL,0,0),(2027553781109760,'2024-12-03 07:34:21','2024-12-03 07:34:21',NULL,NULL,2026039174796288,'更新接口','system:user:modify',NULL,0,0),(2027554074907648,'2024-12-03 07:34:39','2024-12-03 07:34:39',NULL,NULL,2026039174796288,'删除接口','system:user:remove',NULL,0,0),(2037206007174144,'2024-12-10 03:13:06','2024-12-10 03:13:06',NULL,NULL,2037198584419328,'新增接口','organization:bizUnit:add',NULL,0,0),(2037206321517568,'2024-12-10 03:13:26','2024-12-10 03:13:26',NULL,NULL,2037198584419328,'更新接口','organization:bizUnit:modify',NULL,0,0),(2037206622245888,'2024-12-10 03:13:44','2024-12-10 03:13:44',NULL,NULL,2037198584419328,'列表接口','organization:bizUnit:list',NULL,0,0),(2037206942290944,'2024-12-10 03:14:04','2024-12-10 03:14:04',NULL,NULL,2037198584419328,'明细接口','organization:bizUnit:get',NULL,0,0),(2037207207220224,'2024-12-10 03:14:20','2024-12-10 03:14:20',NULL,NULL,2037198584419328,'删除接口','organization:bizUnit:remove',NULL,0,0),(2037414996235264,'2024-12-10 06:45:42','2024-12-10 06:45:42',NULL,NULL,2037199116555264,'新增接口','organization:dept:add',NULL,0,0),(2037415387010048,'2024-12-10 06:46:06','2024-12-10 06:46:06',NULL,NULL,2037199116555264,'更新接口','organization:dept:modify',NULL,0,0),(2037415666488320,'2024-12-10 06:46:23','2024-12-10 06:46:23',NULL,NULL,2037199116555264,'删除接口','organization:dept:remove',NULL,0,0),(2037415937954816,'2024-12-10 06:46:40','2024-12-10 06:46:40',NULL,NULL,2037199116555264,'列表接口','organization:dept:list',NULL,0,0),(2037416163365888,'2024-12-10 06:46:53','2024-12-10 06:46:53',NULL,NULL,2037199116555264,'详情接口','organization:dept:get',NULL,0,0),(2037497596564480,'2024-12-10 08:09:44','2024-12-10 08:09:44',NULL,NULL,2037199410172928,'新增接口','organization:post:add',NULL,0,0),(2037497907303424,'2024-12-10 08:10:03','2024-12-10 08:10:03',NULL,NULL,2037199410172928,'更新接口','organization:post:modify',NULL,0,0),(2037498186765312,'2024-12-10 08:10:20','2024-12-10 08:10:20',NULL,NULL,2037199410172928,'删除接口','organization:post:remove',NULL,0,0),(2037498507465728,'2024-12-10 08:10:39','2024-12-10 08:10:39',NULL,NULL,2037199410172928,'列表接口','organization:post:list',NULL,0,0),(2037498709529600,'2024-12-10 08:10:52','2024-12-10 08:10:52',NULL,NULL,2037199410172928,'详情接口','organization:post:get',NULL,0,0),(2038859956704256,'2024-12-11 07:15:36','2024-12-11 07:15:36',NULL,NULL,2038859592897536,'新增接口','organization:psn:add',NULL,0,0),(2038860278518784,'2024-12-11 07:15:55','2024-12-11 07:15:55',NULL,NULL,2038859592897536,'更新接口','organization:psn:modify',NULL,0,0),(2038860587783168,'2024-12-11 07:16:14','2024-12-11 07:16:14',NULL,NULL,2038859592897536,'删除接口','organization:psn:remove',NULL,0,0),(2038860834444288,'2024-12-11 07:16:29','2024-12-11 07:16:29',NULL,NULL,2038859592897536,'列表接口','organization:psn:list',NULL,0,0),(2038861108155392,'2024-12-11 07:16:46','2024-12-11 07:16:46',NULL,NULL,2038859592897536,'明细接口','organization:psn:get',NULL,0,0),(2051328459854848,'2024-12-20 02:39:13','2024-12-20 02:39:13',NULL,NULL,2019078504993792,'列表接口','log:loginLog:list',NULL,0,0),(2051329000821760,'2024-12-20 02:39:46','2024-12-20 02:47:51',NULL,NULL,2019078839931904,'列表接口','log:operationLog:list',NULL,0,0),(2051380637881344,'2024-12-20 03:32:17','2024-12-20 03:32:17',NULL,NULL,2051380118705152,'列表接口','log:exceptionLog:list',NULL,0,0),(2087006578856960,'2025-01-14 07:32:52','2025-01-14 07:32:52',NULL,NULL,2026038595359744,'新增接口','system:dictGroup:add',NULL,0,0),(2087009920619520,'2025-01-14 07:36:16','2025-01-14 07:36:16',NULL,NULL,2026038595359744,'修改接口','system:dictGroup:modify',NULL,0,0),(2087010246906880,'2025-01-14 07:36:36','2025-01-14 07:36:36',NULL,NULL,2026038595359744,'删除接口','system:dictGroup:remove',NULL,0,0),(2087010445071360,'2025-01-14 07:36:48','2025-01-14 07:36:48',NULL,NULL,2026038595359744,'列表接口','system:dictGroup:list',NULL,0,0),(2087010666238976,'2025-01-14 07:37:02','2025-01-14 07:37:02',NULL,NULL,2026038595359744,'明细接口','system:dictGroup:get',NULL,0,0),(2087010970637312,'2025-01-14 07:37:20','2025-01-14 07:37:20',NULL,NULL,2026038595359744,'新增接口','system:dictItem:add',NULL,0,0),(2087011320452096,'2025-01-14 07:37:42','2025-01-14 07:37:42',NULL,NULL,2026038595359744,'更新接口','system:dictItem:modify',NULL,0,0),(2087011531101184,'2025-01-14 07:37:54','2025-01-14 07:37:54',NULL,NULL,2026038595359744,'删除接口','system:dictItem:remove',NULL,0,0),(2087011731870720,'2025-01-14 07:38:07','2025-01-14 07:38:07',NULL,NULL,2026038595359744,'列表接口','system:dictItem:list',NULL,0,0),(2087011946386432,'2025-01-14 07:38:20','2025-01-14 07:38:20',NULL,NULL,2026038595359744,'明细接口','system:dictItem:get',NULL,0,0),(2087066698732544,'2025-01-14 08:34:02','2025-01-14 08:34:02',NULL,NULL,2026038595359744,'根据字典组code查询字典项列表','system:dictItem:getByDictGroupCode',NULL,0,0),(2177519792247808,'2025-03-19 06:07:40','2025-03-19 06:07:40',NULL,NULL,2026039174796288,'人员绑定角色','system:user:bindRoles',NULL,0,0);
/*!40000 ALTER TABLE `sys_api` ENABLE KEYS */;
UNLOCK TABLES;

--
-- Table structure for table `sys_biz_unit`
--

DROP TABLE IF EXISTS `sys_biz_unit`;
/*!40101 SET @saved_cs_client     = @@character_set_client */;
/*!50503 SET character_set_client = utf8mb4 */;
CREATE TABLE `sys_biz_unit` (
  `id` bigint unsigned NOT NULL COMMENT 'ID',
  `create_time` datetime NOT NULL DEFAULT CURRENT_TIMESTAMP COMMENT '创建时间',
  `update_time` datetime NOT NULL DEFAULT CURRENT_TIMESTAMP ON UPDATE CURRENT_TIMESTAMP COMMENT '更新时间',
  `create_user` bigint unsigned DEFAULT NULL COMMENT '创建人',
  `update_user` bigint unsigned DEFAULT NULL COMMENT '更新人',
  `pid` bigint unsigned NOT NULL COMMENT '父ID',
  `code` varchar(100) CHARACTER SET utf8mb4 COLLATE utf8mb4_general_ci NOT NULL COMMENT '编码',
  `name` varchar(100) CHARACTER SET utf8mb4 COLLATE utf8mb4_0900_ai_ci NOT NULL COMMENT '名称',
  `abbreviation` varchar(100) CHARACTER SET utf8mb4 COLLATE utf8mb4_general_ci DEFAULT NULL COMMENT '简称',
  `tel` varchar(100) CHARACTER SET utf8mb4 COLLATE utf8mb4_general_ci DEFAULT NULL COMMENT '电话',
  `manager` varchar(100) CHARACTER SET utf8mb4 COLLATE utf8mb4_general_ci DEFAULT NULL COMMENT '负责人',
  `mobile_phone` varchar(100) CHARACTER SET utf8mb4 COLLATE utf8mb4_general_ci DEFAULT NULL COMMENT '负责人电话',
  `remark` varchar(100) CHARACTER SET utf8mb4 COLLATE utf8mb4_general_ci DEFAULT NULL COMMENT '备注',
  `type` int DEFAULT NULL COMMENT '类型（1 总部 2 分子公司 3 外部公司）',
  `enabled` tinyint DEFAULT '0' COMMENT '是否启用（0 否 1 是）',
  `deleted` tinyint DEFAULT '0' COMMENT '是否删除（0 否 1 是）',
  PRIMARY KEY (`id`)
) ENGINE=InnoDB DEFAULT CHARSET=utf8mb4 COLLATE=utf8mb4_general_ci COMMENT='业务单元管理';
/*!40101 SET character_set_client = @saved_cs_client */;

--
-- Dumping data for table `sys_biz_unit`
--

LOCK TABLES `sys_biz_unit` WRITE;
/*!40000 ALTER TABLE `sys_biz_unit` DISABLE KEYS */;
INSERT INTO `sys_biz_unit` VALUES (2037219622474752,'2024-12-10 11:26:57','2024-12-13 15:28:26',NULL,NULL,0,'111','毅成集团',NULL,'123','123',NULL,'123',1,0,0),(2041704108430336,'2024-12-13 15:28:49','2024-12-13 15:28:49',NULL,NULL,2037219622474752,'1112','毅成集团常州分公司',NULL,'','',NULL,'',2,0,0);
/*!40000 ALTER TABLE `sys_biz_unit` ENABLE KEYS */;
UNLOCK TABLES;

--
-- Table structure for table `sys_dept`
--

DROP TABLE IF EXISTS `sys_dept`;
/*!40101 SET @saved_cs_client     = @@character_set_client */;
/*!50503 SET character_set_client = utf8mb4 */;
CREATE TABLE `sys_dept` (
  `id` bigint unsigned NOT NULL COMMENT 'ID',
  `create_time` datetime NOT NULL DEFAULT CURRENT_TIMESTAMP COMMENT '创建时间',
  `update_time` datetime NOT NULL DEFAULT CURRENT_TIMESTAMP ON UPDATE CURRENT_TIMESTAMP COMMENT '更新时间',
  `create_user` bigint unsigned DEFAULT NULL COMMENT '创建人',
  `update_user` bigint unsigned DEFAULT NULL COMMENT '更新人',
  `pid` bigint unsigned NOT NULL COMMENT '父ID',
  `code` varchar(100) CHARACTER SET utf8mb4 COLLATE utf8mb4_general_ci DEFAULT NULL COMMENT '编码',
  `name` varchar(100) CHARACTER SET utf8mb4 COLLATE utf8mb4_general_ci NOT NULL COMMENT '名称',
  `abbreviation` varchar(100) CHARACTER SET utf8mb4 COLLATE utf8mb4_general_ci DEFAULT NULL COMMENT '简称',
  `tel` varchar(100) CHARACTER SET utf8mb4 COLLATE utf8mb4_general_ci DEFAULT NULL COMMENT '电话',
  `manager` varchar(100) CHARACTER SET utf8mb4 COLLATE utf8mb4_general_ci DEFAULT NULL COMMENT '负责人',
  `mobile_phone` varchar(100) CHARACTER SET utf8mb4 COLLATE utf8mb4_general_ci DEFAULT NULL COMMENT '负责人电话',
  `pk_biz_unit` bigint unsigned DEFAULT NULL COMMENT '业务单元ID',
  `enabled` tinyint DEFAULT '0' COMMENT '是否启用（0 否 1 是）',
  `deleted` tinyint DEFAULT '0' COMMENT '是否删除（0 否 1 是）',
  PRIMARY KEY (`id`)
) ENGINE=InnoDB DEFAULT CHARSET=utf8mb4 COLLATE=utf8mb4_general_ci COMMENT='部门管理';
/*!40101 SET character_set_client = @saved_cs_client */;

--
-- Dumping data for table `sys_dept`
--

LOCK TABLES `sys_dept` WRITE;
/*!40000 ALTER TABLE `sys_dept` DISABLE KEYS */;
INSERT INTO `sys_dept` VALUES (2037472197088256,'2024-12-10 15:43:53','2024-12-13 15:29:03',NULL,NULL,0,'23','财务部',NULL,'23','23',NULL,2037219622474752,0,0),(2041704594527232,'2024-12-13 15:29:18','2024-12-13 15:29:18',NULL,NULL,0,'CGB','采购部',NULL,'','',NULL,2037219622474752,0,0);
/*!40000 ALTER TABLE `sys_dept` ENABLE KEYS */;
UNLOCK TABLES;

--
-- Table structure for table `sys_dict_group`
--

DROP TABLE IF EXISTS `sys_dict_group`;
/*!40101 SET @saved_cs_client     = @@character_set_client */;
/*!50503 SET character_set_client = utf8mb4 */;
CREATE TABLE `sys_dict_group` (
  `id` bigint unsigned NOT NULL COMMENT 'ID',
  `create_time` datetime NOT NULL DEFAULT CURRENT_TIMESTAMP COMMENT '创建时间',
  `update_time` datetime NOT NULL DEFAULT CURRENT_TIMESTAMP ON UPDATE CURRENT_TIMESTAMP COMMENT '更新时间',
  `create_user` bigint unsigned DEFAULT NULL COMMENT '创建人',
  `update_user` bigint unsigned DEFAULT NULL COMMENT '更新人',
  `code` varchar(100) CHARACTER SET utf8mb4 COLLATE utf8mb4_0900_ai_ci DEFAULT NULL COMMENT '密码',
  `name` varchar(100) CHARACTER SET utf8mb4 COLLATE utf8mb4_0900_ai_ci NOT NULL COMMENT '字典组名称',
  `enabled` tinyint DEFAULT '0' COMMENT '是否启用（0 否 1 是）',
  `deleted` tinyint DEFAULT '0' COMMENT '是否删除（0 否 1 是）',
  PRIMARY KEY (`id`)
) ENGINE=InnoDB DEFAULT CHARSET=utf8mb4 COLLATE=utf8mb4_general_ci COMMENT='字典组管理';
/*!40101 SET character_set_client = @saved_cs_client */;

--
-- Dumping data for table `sys_dict_group`
--

LOCK TABLES `sys_dict_group` WRITE;
/*!40000 ALTER TABLE `sys_dict_group` DISABLE KEYS */;
INSERT INTO `sys_dict_group` VALUES (1948323019101184,'2024-10-08 08:16:39','2024-12-11 16:41:30',NULL,NULL,'GENDER','性别',0,0),(2025910256669696,'2024-12-02 11:42:29','2024-12-11 16:42:00',NULL,NULL,'TYPE','类型',0,0),(2039000045261824,'2024-12-11 17:38:06','2024-12-11 17:38:06',NULL,NULL,'CARD_KIND','证件类型',0,0),(2088474905334784,'2025-01-15 16:26:32','2025-01-15 16:26:32',NULL,NULL,'PLATFORM_TYPE','平台类型',0,0),(2089742855345152,'2025-01-16 13:56:21','2025-01-16 13:56:21',NULL,NULL,'OPERATION_TYPE','操作类型',0,0);
/*!40000 ALTER TABLE `sys_dict_group` ENABLE KEYS */;
UNLOCK TABLES;

--
-- Table structure for table `sys_dict_item`
--

DROP TABLE IF EXISTS `sys_dict_item`;
/*!40101 SET @saved_cs_client     = @@character_set_client */;
/*!50503 SET character_set_client = utf8mb4 */;
CREATE TABLE `sys_dict_item` (
  `id` bigint unsigned NOT NULL COMMENT 'ID',
  `create_time` datetime NOT NULL DEFAULT CURRENT_TIMESTAMP COMMENT '创建时间',
  `update_time` datetime NOT NULL DEFAULT CURRENT_TIMESTAMP ON UPDATE CURRENT_TIMESTAMP COMMENT '更新时间',
  `create_user` bigint unsigned DEFAULT NULL COMMENT '创建人',
  `update_user` bigint unsigned DEFAULT NULL COMMENT '更新人',
  `pk_dict_group` bigint unsigned DEFAULT NULL COMMENT '字典组id',
  `name` varchar(100) CHARACTER SET utf8mb4 COLLATE utf8mb4_0900_ai_ci NOT NULL COMMENT '字典项名称',
  `value` varchar(100) CHARACTER SET utf8mb4 COLLATE utf8mb4_0900_ai_ci NOT NULL COMMENT '字典项值',
  `sort` int DEFAULT NULL COMMENT '排序',
  `enabled` tinyint DEFAULT '0' COMMENT '是否启用（0 否 1 是）',
  `deleted` tinyint DEFAULT '0' COMMENT '是否删除（0 否 1 是）',
  PRIMARY KEY (`id`)
) ENGINE=InnoDB DEFAULT CHARSET=utf8mb4 COLLATE=utf8mb4_general_ci COMMENT='字典项管理';
/*!40101 SET character_set_client = @saved_cs_client */;

--
-- Dumping data for table `sys_dict_item`
--

LOCK TABLES `sys_dict_item` WRITE;
/*!40000 ALTER TABLE `sys_dict_item` DISABLE KEYS */;
INSERT INTO `sys_dict_item` VALUES (2023490947437568,'2024-11-30 18:41:26','2024-11-30 18:41:26',NULL,NULL,NULL,'12','3123',NULL,0,0),(2023520314364928,'2024-11-30 19:11:36','2024-11-30 19:11:36',NULL,NULL,NULL,'111','22',NULL,0,0),(2023522276267008,'2024-11-30 19:13:23','2024-12-11 16:42:15',NULL,NULL,1948323019101184,'男','1',NULL,0,0),(2025966958203904,'2024-12-02 12:40:09','2024-12-02 12:40:09',NULL,NULL,2025910256669696,'231','123123',NULL,0,0),(2025967060603904,'2024-12-02 12:40:16','2024-12-11 16:42:20',NULL,NULL,1948323019101184,'女','2',NULL,0,0),(2025967149552640,'2024-12-02 12:40:21','2024-12-02 12:40:21',NULL,NULL,2025910256669696,'1111','1111',NULL,0,0),(2039001113367552,'2024-12-11 17:39:11','2024-12-11 17:39:11',NULL,NULL,2039000045261824,'身份证','1',NULL,0,0),(2039001301439488,'2024-12-11 17:39:23','2024-12-11 17:39:23',NULL,NULL,2039000045261824,'驾驶证','2',NULL,0,0),(2088475890570240,'2025-01-15 16:27:32','2025-01-15 16:27:32',NULL,NULL,2088474905334784,'移动端','1',NULL,0,0),(2088476094092288,'2025-01-15 16:27:44','2025-01-15 16:27:44',NULL,NULL,2088474905334784,'电脑端','2',NULL,0,0),(2088476258325504,'2025-01-15 16:27:54','2025-01-15 16:27:54',NULL,NULL,2088474905334784,'其它','0',NULL,0,0),(2089743959610368,'2025-01-16 13:57:29','2025-01-16 13:57:29',NULL,NULL,2089742855345152,'新增','0',NULL,0,0),(2089744086651904,'2025-01-16 13:57:36','2025-01-16 13:57:36',NULL,NULL,2089742855345152,'删除','1',NULL,0,0),(2089744231732224,'2025-01-16 13:57:45','2025-01-16 13:57:45',NULL,NULL,2089742855345152,'更新','2',NULL,0,0),(2089744365933568,'2025-01-16 13:57:53','2025-01-16 13:57:53',NULL,NULL,2089742855345152,'列表','3',NULL,0,0),(2089744601371648,'2025-01-16 13:58:08','2025-01-16 13:58:08',NULL,NULL,2089742855345152,'详情','4',NULL,0,0),(2089744726774784,'2025-01-16 13:58:15','2025-01-16 13:58:15',NULL,NULL,2089742855345152,'导入','5',NULL,0,0),(2089744878326784,'2025-01-16 13:58:25','2025-01-16 13:58:25',NULL,NULL,2089742855345152,'导出','6',NULL,0,0),(2089745022669824,'2025-01-16 13:58:33','2025-01-16 13:58:33',NULL,NULL,2089742855345152,'其他','7',NULL,0,0);
/*!40000 ALTER TABLE `sys_dict_item` ENABLE KEYS */;
UNLOCK TABLES;

--
-- Table structure for table `sys_exception_log`
--

DROP TABLE IF EXISTS `sys_exception_log`;
/*!40101 SET @saved_cs_client     = @@character_set_client */;
/*!50503 SET character_set_client = utf8mb4 */;
CREATE TABLE `sys_exception_log` (
  `id` bigint unsigned NOT NULL COMMENT 'ID',
  `create_time` datetime NOT NULL DEFAULT CURRENT_TIMESTAMP COMMENT '创建时间',
  `update_time` datetime NOT NULL DEFAULT CURRENT_TIMESTAMP ON UPDATE CURRENT_TIMESTAMP COMMENT '更新时间',
  `create_user` bigint unsigned DEFAULT NULL COMMENT '创建人',
  `update_user` bigint unsigned DEFAULT NULL COMMENT '更新人',
  `user` varchar(100) CHARACTER SET utf8mb4 COLLATE utf8mb4_general_ci DEFAULT NULL COMMENT '操作人',
  `module` varchar(100) CHARACTER SET utf8mb4 COLLATE utf8mb4_general_ci DEFAULT NULL COMMENT '模块',
  `type` int DEFAULT NULL COMMENT '类型',
  `description` varchar(100) CHARACTER SET utf8mb4 COLLATE utf8mb4_general_ci DEFAULT NULL COMMENT '描述',
  `uri` varchar(100) CHARACTER SET utf8mb4 COLLATE utf8mb4_general_ci DEFAULT NULL COMMENT 'URI',
  `full_name` varchar(500) CHARACTER SET utf8mb4 COLLATE utf8mb4_general_ci DEFAULT NULL COMMENT '全限定名',
  `exception` text CHARACTER SET utf8mb4 COLLATE utf8mb4_general_ci COMMENT '异常信息',
  PRIMARY KEY (`id`)
) ENGINE=InnoDB DEFAULT CHARSET=utf8mb4 COLLATE=utf8mb4_general_ci COMMENT='异常日志';
/*!40101 SET character_set_client = @saved_cs_client */;

--
-- Dumping data for table `sys_exception_log`
--

LOCK TABLES `sys_exception_log` WRITE;
/*!40000 ALTER TABLE `sys_exception_log` DISABLE KEYS */;
INSERT INTO `sys_exception_log` VALUES (1,'2024-12-20 14:11:02','2024-12-20 14:11:02',NULL,NULL,'admin','11',1,'232','123','1123','weqweqwe');
/*!40000 ALTER TABLE `sys_exception_log` ENABLE KEYS */;
UNLOCK TABLES;

--
-- Table structure for table `sys_login_log`
--

DROP TABLE IF EXISTS `sys_login_log`;
/*!40101 SET @saved_cs_client     = @@character_set_client */;
/*!50503 SET character_set_client = utf8mb4 */;
CREATE TABLE `sys_login_log` (
  `id` bigint unsigned NOT NULL COMMENT 'ID',
  `create_time` datetime NOT NULL DEFAULT CURRENT_TIMESTAMP COMMENT '创建时间',
  `update_time` datetime NOT NULL DEFAULT CURRENT_TIMESTAMP ON UPDATE CURRENT_TIMESTAMP COMMENT '更新时间',
  `create_user` bigint unsigned DEFAULT NULL COMMENT '创建人',
  `update_user` bigint unsigned DEFAULT NULL COMMENT '更新人',
  `user` varchar(100) CHARACTER SET utf8mb4 COLLATE utf8mb4_general_ci DEFAULT NULL COMMENT '登录人',
  `ip` varchar(100) CHARACTER SET utf8mb4 COLLATE utf8mb4_general_ci DEFAULT NULL COMMENT 'IP',
  `area` varchar(100) CHARACTER SET utf8mb4 COLLATE utf8mb4_0900_ai_ci DEFAULT NULL COMMENT '地区',
  `type` int DEFAULT NULL COMMENT '类型（1 浏览器 2 移动端 3 TV端）',
  `client` varchar(100) CHARACTER SET utf8mb4 COLLATE utf8mb4_general_ci DEFAULT NULL COMMENT '客户端',
  `is_success` bit(1) DEFAULT NULL COMMENT '是否成功',
  `description` varchar(100) CHARACTER SET utf8mb4 COLLATE utf8mb4_general_ci DEFAULT NULL COMMENT '描述',
  `enabled` tinyint DEFAULT '0' COMMENT '是否启用（0 否 1 是）',
  `deleted` tinyint DEFAULT '0' COMMENT '是否删除（0 否 1 是）',
  PRIMARY KEY (`id`)
) ENGINE=InnoDB DEFAULT CHARSET=utf8mb4 COLLATE=utf8mb4_general_ci COMMENT='登录日志';
/*!40101 SET character_set_client = @saved_cs_client */;

--
-- Dumping data for table `sys_login_log`
--

LOCK TABLES `sys_login_log` WRITE;
/*!40000 ALTER TABLE `sys_login_log` DISABLE KEYS */;
INSERT INTO `sys_login_log` VALUES (2050276945007616,'2024-12-19 16:49:33','2024-12-19 16:49:33',NULL,NULL,NULL,'223.112.192.102','中国|江苏省|常州市',NULL,NULL,NULL,NULL,0,0),(2050281174979584,'2024-12-19 16:53:51','2024-12-19 16:53:51',NULL,NULL,NULL,'172.17.35.13','0|0|内网IP',NULL,NULL,NULL,NULL,0,0),(2050283343188992,'2024-12-19 16:56:04','2024-12-19 16:56:04',NULL,NULL,NULL,'91.192.191.1','俄罗斯|列宁格勒|圣彼得堡',NULL,NULL,NULL,NULL,0,0),(2050293943702528,'2024-12-19 17:06:51','2024-12-19 17:06:51',NULL,NULL,NULL,'59.125.39.0','中国|台湾省|0',NULL,NULL,NULL,NULL,0,0),(2051327076389888,'2024-12-20 10:37:48','2024-12-20 10:37:48',NULL,NULL,NULL,'59.125.39.0','中国|台湾省|0',NULL,NULL,NULL,NULL,0,0),(2051329386320896,'2024-12-20 10:40:09','2024-12-20 10:40:09',NULL,NULL,NULL,'59.125.39.0','中国|台湾省|0',NULL,NULL,NULL,NULL,0,0),(2051337349338112,'2024-12-20 10:48:15','2024-12-20 10:48:15',NULL,NULL,NULL,'59.125.39.0','中国|台湾省|0',NULL,NULL,NULL,NULL,0,0),(2051340884087808,'2024-12-20 10:51:51','2024-12-20 10:51:51',NULL,NULL,NULL,'172.17.35.13','0|0|内网IP',NULL,NULL,NULL,NULL,0,0),(2051345072542720,'2024-12-20 10:56:07','2024-12-20 10:56:07',NULL,NULL,NULL,'172.17.35.13','0|0|内网IP',NULL,NULL,NULL,NULL,0,0),(2051348904858624,'2024-12-20 11:00:00','2024-12-20 11:00:00',NULL,NULL,NULL,'172.17.35.13','0|0|内网IP',NULL,NULL,NULL,NULL,0,0),(2051369857405952,'2024-12-20 11:21:19','2024-12-20 11:21:19',NULL,NULL,NULL,'172.17.35.13','0|0|内网IP',NULL,NULL,NULL,NULL,0,0),(2051375288734720,'2024-12-20 11:26:51','2024-12-20 11:26:51',NULL,NULL,NULL,'172.17.35.13','0|0|内网IP',NULL,NULL,NULL,NULL,0,0),(2051381002900480,'2024-12-20 11:32:40','2024-12-20 11:32:40',NULL,NULL,NULL,'172.17.35.13','0|0|内网IP',NULL,NULL,NULL,NULL,0,0),(2051399897863168,'2024-12-20 11:51:53','2024-12-20 11:51:53',NULL,NULL,NULL,'172.17.35.13','0|0|内网IP',NULL,NULL,NULL,NULL,0,0),(2051509122978816,'2024-12-20 13:42:59','2024-12-20 13:42:59',NULL,NULL,NULL,'172.17.35.13','0|0|内网IP',NULL,NULL,NULL,NULL,0,0),(2051523389412352,'2024-12-20 13:57:30','2024-12-20 13:57:30',NULL,NULL,NULL,'172.17.35.13','0|0|内网IP',NULL,NULL,NULL,NULL,0,0),(2051533758878720,'2024-12-20 14:08:03','2024-12-20 14:08:03',NULL,NULL,NULL,'172.17.35.13','0|0|内网IP',NULL,NULL,NULL,NULL,0,0),(2051654988157952,'2024-12-20 16:11:22','2024-12-20 16:11:22',NULL,NULL,NULL,'172.17.35.13','0|0|内网IP',NULL,NULL,NULL,NULL,0,0),(2051698084418560,'2024-12-20 16:55:13','2024-12-20 16:55:13',NULL,NULL,NULL,'172.17.35.13','0|0|内网IP',NULL,NULL,NULL,NULL,0,0),(2051698590880768,'2024-12-20 16:55:44','2024-12-20 16:55:44',NULL,NULL,NULL,'172.17.35.13','0|0|内网IP',NULL,NULL,NULL,NULL,0,0),(2051704857940992,'2024-12-20 17:02:06','2024-12-20 17:02:06',NULL,NULL,NULL,'223.112.192.102','中国|江苏省|常州市',NULL,NULL,NULL,NULL,0,0),(2051707646235648,'2024-12-20 17:04:56','2024-12-20 17:04:56',NULL,NULL,NULL,'223.112.192.102','中国|江苏省|常州市',NULL,NULL,NULL,NULL,0,0),(2051720655590400,'2024-12-20 17:18:10','2024-12-20 17:18:10',NULL,NULL,NULL,'223.112.192.102','中国|江苏省|常州市',NULL,NULL,NULL,NULL,0,0),(2051723745465344,'2024-12-20 17:21:19','2024-12-20 17:21:19',NULL,NULL,NULL,'223.112.192.102','中国|江苏省|常州市',NULL,NULL,NULL,NULL,0,0),(2051730897114112,'2024-12-20 17:28:35','2024-12-20 17:28:35',NULL,NULL,NULL,'223.112.192.102','中国|江苏省|常州市',NULL,NULL,NULL,NULL,0,0),(2051742528918528,'2024-12-20 17:40:25','2024-12-20 17:40:25',NULL,NULL,NULL,'223.112.192.102','中国|江苏省|常州市',NULL,NULL,NULL,NULL,0,0),(2051815744787456,'2024-12-20 18:54:54','2024-12-20 18:54:54',NULL,NULL,NULL,'114.226.254.6','中国|江苏省|常州市',NULL,NULL,NULL,NULL,0,0),(2052088988750848,'2024-12-20 23:32:52','2024-12-20 23:32:52',NULL,NULL,NULL,'114.226.254.6','中国|江苏省|常州市',NULL,NULL,NULL,NULL,0,0),(2052105548387328,'2024-12-20 23:49:42','2024-12-20 23:49:42',NULL,NULL,NULL,'114.226.254.6','中国|江苏省|常州市',NULL,NULL,NULL,NULL,0,0),(2052626916529152,'2024-12-21 08:40:04','2024-12-21 08:40:04',NULL,NULL,NULL,'114.226.254.6','中国|江苏省|常州市',NULL,NULL,NULL,NULL,0,0),(2053296842052608,'2024-12-21 20:01:33','2024-12-21 20:01:33',NULL,NULL,NULL,'192.168.2.46','0|0|内网IP',NULL,NULL,NULL,NULL,0,0),(2053300317688832,'2024-12-21 20:05:05','2024-12-21 20:05:05',NULL,NULL,NULL,'192.168.2.46','0|0|内网IP',NULL,NULL,NULL,NULL,0,0),(2053300459983872,'2024-12-21 20:05:14','2024-12-21 20:05:14',NULL,NULL,NULL,'192.168.2.46','0|0|内网IP',NULL,NULL,NULL,NULL,0,0),(2053303733769216,'2024-12-21 20:08:34','2024-12-21 20:08:34',NULL,NULL,NULL,'114.226.254.6','中国|江苏省|常州市',NULL,NULL,NULL,NULL,0,0),(2053303875458048,'2024-12-21 20:08:42','2024-12-21 20:08:42',NULL,NULL,NULL,'114.226.254.6','中国|江苏省|常州市',NULL,NULL,NULL,NULL,0,0),(2053304418653184,'2024-12-21 20:09:16','2024-12-21 20:09:16',NULL,NULL,NULL,'192.168.2.46','0|0|内网IP',NULL,NULL,NULL,NULL,0,0),(2053307786531840,'2024-12-21 20:12:41','2024-12-21 20:12:41',NULL,NULL,NULL,'114.226.254.6','中国|江苏省|常州市',NULL,NULL,NULL,NULL,0,0),(2053309978219520,'2024-12-21 20:14:55','2024-12-21 20:14:55',NULL,NULL,NULL,'192.168.2.46','0|0|内网IP',NULL,NULL,NULL,NULL,0,0),(2053310658499584,'2024-12-21 20:15:36','2024-12-21 20:15:36',NULL,NULL,NULL,'114.226.254.6','中国|江苏省|常州市',NULL,NULL,NULL,NULL,0,0),(2053316435530752,'2024-12-21 20:21:29','2024-12-21 20:21:29',NULL,NULL,NULL,'192.168.2.46','0|0|内网IP',NULL,NULL,NULL,NULL,0,0),(2053321284719616,'2024-12-21 20:26:25','2024-12-21 20:26:25',NULL,NULL,NULL,'114.226.254.6','中国|江苏省|常州市',NULL,NULL,NULL,NULL,0,0),(2053323618800640,'2024-12-21 20:28:47','2024-12-21 20:28:47',NULL,NULL,NULL,'114.226.254.6','中国|江苏省|常州市',NULL,NULL,NULL,NULL,0,0),(2053323932308480,'2024-12-21 20:29:07','2024-12-21 20:29:07',NULL,NULL,NULL,'114.226.254.6','中国|江苏省|常州市',NULL,NULL,NULL,NULL,0,0),(2053339987366912,'2024-12-21 20:45:26','2024-12-21 20:45:26',NULL,NULL,NULL,'114.226.254.6','中国|江苏省|常州市',NULL,NULL,NULL,NULL,0,0),(2053343848600576,'2024-12-21 20:49:22','2024-12-21 20:49:22',NULL,NULL,NULL,'114.226.254.6','中国|江苏省|常州市',NULL,NULL,NULL,NULL,0,0),(2053344114988032,'2024-12-21 20:49:38','2024-12-21 20:49:38',NULL,NULL,NULL,'114.226.254.6','中国|江苏省|常州市',NULL,NULL,NULL,NULL,0,0),(2053344639554560,'2024-12-21 20:50:10','2024-12-21 20:50:10',NULL,NULL,NULL,'114.226.254.6','中国|江苏省|常州市',NULL,NULL,NULL,NULL,0,0),(2053345480643584,'2024-12-21 20:51:02','2024-12-21 20:51:02',NULL,NULL,NULL,'114.226.254.6','中国|江苏省|常州市',NULL,NULL,NULL,NULL,0,0),(2054088790234112,'2024-12-22 09:27:10','2024-12-22 09:27:10',NULL,NULL,NULL,'114.226.254.6','中国|江苏省|常州市',NULL,NULL,NULL,NULL,0,0),(2054088887391232,'2024-12-22 09:27:16','2024-12-22 09:27:16',NULL,NULL,NULL,'114.226.254.6','中国|江苏省|常州市',NULL,NULL,NULL,NULL,0,0),(2055475332797440,'2024-12-23 08:57:38','2024-12-23 08:57:38',NULL,NULL,NULL,'223.112.192.102','中国|江苏省|常州市',NULL,NULL,NULL,NULL,0,0),(2056953058137088,'2024-12-24 10:00:51','2024-12-24 10:00:51',NULL,NULL,NULL,'223.112.192.102','中国|江苏省|常州市',NULL,NULL,NULL,NULL,0,0),(2056963324236800,'2024-12-24 10:11:17','2024-12-24 10:11:17',NULL,NULL,NULL,'223.112.192.102','中国|江苏省|常州市',NULL,NULL,NULL,NULL,0,0),(2061212449870848,'2024-12-27 10:13:43','2024-12-27 10:13:43',NULL,NULL,NULL,'223.112.192.102','中国|江苏省|常州市',NULL,NULL,NULL,NULL,0,0),(2068267520726016,'2025-01-01 09:50:31','2025-01-01 09:50:31',NULL,NULL,NULL,'163.125.217.160','中国|广东省|深圳市',NULL,NULL,NULL,NULL,0,0),(2068269478958080,'2025-01-01 09:52:30','2025-01-01 09:52:30',NULL,NULL,NULL,'171.114.92.73','中国|湖北省|宜昌市',NULL,NULL,NULL,NULL,0,0),(2068292379038720,'2025-01-01 10:15:48','2025-01-01 10:15:48',NULL,NULL,NULL,'45.150.166.8','荷兰|0|0',NULL,NULL,NULL,NULL,0,0),(2068307376215040,'2025-01-01 10:31:03','2025-01-01 10:31:03',NULL,NULL,NULL,'114.226.254.6','中国|江苏省|常州市',NULL,NULL,NULL,NULL,0,0),(2068350732473344,'2025-01-01 11:15:10','2025-01-01 11:15:10',NULL,NULL,NULL,'158.180.95.159','英国|0|0',NULL,NULL,NULL,NULL,0,0),(2068365416895488,'2025-01-01 11:30:06','2025-01-01 11:30:06',NULL,NULL,NULL,'124.79.61.132','中国|上海|上海市',NULL,NULL,NULL,NULL,0,0),(2068389843964928,'2025-01-01 11:54:57','2025-01-01 11:54:57',NULL,NULL,NULL,'111.0.51.235','中国|浙江省|杭州市',NULL,NULL,NULL,NULL,0,0),(2068433038627840,'2025-01-01 12:38:53','2025-01-01 12:38:53',NULL,NULL,NULL,'27.18.37.226','中国|湖北省|武汉市',NULL,NULL,NULL,NULL,0,0),(2068438618215424,'2025-01-01 12:44:34','2025-01-01 12:44:34',NULL,NULL,NULL,'67.230.165.209','美国|加利福尼亚|0',NULL,NULL,NULL,NULL,0,0),(2068480641848320,'2025-01-01 13:27:19','2025-01-01 13:27:19',NULL,NULL,NULL,'116.147.67.215','中国|江苏省|0',NULL,NULL,NULL,NULL,0,0),(2068492680467456,'2025-01-01 13:39:33','2025-01-01 13:39:33',NULL,NULL,NULL,'115.222.144.185','中国|浙江省|温州市',NULL,NULL,NULL,NULL,0,0),(2068625767044096,'2025-01-01 15:54:56','2025-01-01 15:54:56',NULL,NULL,NULL,'58.19.95.98','中国|湖北省|武汉市',NULL,NULL,NULL,NULL,0,0),(2068679916934144,'2025-01-01 16:50:01','2025-01-01 16:50:01',NULL,NULL,NULL,'112.45.81.41','中国|四川省|乐山市',NULL,NULL,NULL,NULL,0,0),(2068699171755008,'2025-01-01 17:09:37','2025-01-01 17:09:37',NULL,NULL,NULL,'120.219.51.124','中国|河南省|洛阳市',NULL,NULL,NULL,NULL,0,0),(2068702333096960,'2025-01-01 17:12:50','2025-01-01 17:12:50',NULL,NULL,NULL,'117.136.19.241','中国|江苏省|宿迁市',NULL,NULL,NULL,NULL,0,0),(2068730226332672,'2025-01-01 17:41:12','2025-01-01 17:41:12',NULL,NULL,NULL,'75.2.210.35','美国|加利福尼亚|圣何塞',NULL,NULL,NULL,NULL,0,0),(2068778654766080,'2025-01-01 18:30:28','2025-01-01 18:30:28',NULL,NULL,NULL,'113.110.231.200','中国|广东省|深圳市',NULL,NULL,NULL,NULL,0,0),(2068830402221056,'2025-01-01 19:23:06','2025-01-01 19:23:06',NULL,NULL,NULL,'112.10.223.37','中国|浙江省|杭州市',NULL,NULL,NULL,NULL,0,0),(2068854663566336,'2025-01-01 19:47:47','2025-01-01 19:47:47',NULL,NULL,NULL,'117.182.103.51','中国|广西|桂林市',NULL,NULL,NULL,NULL,0,0),(2068856212608000,'2025-01-01 19:49:22','2025-01-01 19:49:22',NULL,NULL,NULL,'183.192.11.207','中国|上海|上海市',NULL,NULL,NULL,NULL,0,0),(2068859921060864,'2025-01-01 19:53:08','2025-01-01 19:53:08',NULL,NULL,NULL,'120.229.35.121','中国|广东省|深圳市',NULL,NULL,NULL,NULL,0,0),(2068914828661760,'2025-01-01 20:48:59','2025-01-01 20:48:59',NULL,NULL,NULL,'139.226.13.6','中国|上海|上海市',NULL,NULL,NULL,NULL,0,0),(2068919882470400,'2025-01-01 20:54:08','2025-01-01 20:54:08',NULL,NULL,NULL,'115.206.240.50','中国|浙江省|杭州市',NULL,NULL,NULL,NULL,0,0),(2068953670784000,'2025-01-01 21:28:30','2025-01-01 21:28:30',NULL,NULL,NULL,'120.244.207.134','中国|北京|北京市',NULL,NULL,NULL,NULL,0,0),(2068963182105600,'2025-01-01 21:38:11','2025-01-01 21:38:11',NULL,NULL,NULL,'112.96.175.147','中国|广东省|广州市',NULL,NULL,NULL,NULL,0,0),(2069001068450816,'2025-01-01 22:16:43','2025-01-01 22:16:43',NULL,NULL,NULL,'125.120.182.243','中国|浙江省|杭州市',NULL,NULL,NULL,NULL,0,0),(2069019809584128,'2025-01-01 22:35:47','2025-01-01 22:35:47',NULL,NULL,NULL,'125.120.99.48','中国|浙江省|杭州市',NULL,NULL,NULL,NULL,0,0),(2069028566553600,'2025-01-01 22:44:41','2025-01-01 22:44:41',NULL,NULL,NULL,'58.101.35.176','中国|浙江省|杭州市',NULL,NULL,NULL,NULL,0,0),(2069032095224832,'2025-01-01 22:48:17','2025-01-01 22:48:17',NULL,NULL,NULL,'27.44.23.254','中国|广东省|东莞市',NULL,NULL,NULL,NULL,0,0),(2069038262375424,'2025-01-01 22:54:33','2025-01-01 22:54:33',NULL,NULL,NULL,'112.10.223.197','中国|浙江省|杭州市',NULL,NULL,NULL,NULL,0,0),(2069039887520768,'2025-01-01 22:56:12','2025-01-01 22:56:12',NULL,NULL,NULL,'119.136.152.14','中国|广东省|深圳市',NULL,NULL,NULL,NULL,0,0),(2069076257543168,'2025-01-01 23:33:12','2025-01-01 23:33:12',NULL,NULL,NULL,'14.145.63.22','中国|广东省|广州市',NULL,NULL,NULL,NULL,0,0),(2069079590507520,'2025-01-01 23:36:36','2025-01-01 23:36:36',NULL,NULL,NULL,'104.28.156.211','美国|0|0',NULL,NULL,NULL,NULL,0,0),(2069097309393920,'2025-01-01 23:54:37','2025-01-01 23:54:37',NULL,NULL,NULL,'219.133.176.43','中国|广东省|深圳市',NULL,NULL,NULL,NULL,0,0),(2069100833772544,'2025-01-01 23:58:12','2025-01-01 23:58:12',NULL,NULL,NULL,'52.221.208.62','新加坡|0|0',NULL,NULL,NULL,NULL,0,0),(2069132612113408,'2025-01-02 00:30:32','2025-01-02 00:30:32',NULL,NULL,NULL,'175.1.93.182','中国|湖南省|湘潭市',NULL,NULL,NULL,NULL,0,0),(2069610490860544,'2025-01-02 08:36:39','2025-01-02 08:36:39',NULL,NULL,NULL,'124.89.116.118','中国|陕西省|西安市',NULL,NULL,NULL,NULL,0,0),(2069613640209408,'2025-01-02 08:39:51','2025-01-02 08:39:51',NULL,NULL,NULL,'60.12.222.174','中国|浙江省|宁波市',NULL,NULL,NULL,NULL,0,0),(2069628422476800,'2025-01-02 08:54:54','2025-01-02 08:54:54',NULL,NULL,NULL,'58.59.49.122','中国|山东省|日照市',NULL,NULL,NULL,NULL,0,0),(2069637161882624,'2025-01-02 09:03:47','2025-01-02 09:03:47',NULL,NULL,NULL,'154.21.86.28','美国|加利福尼亚|0',NULL,NULL,NULL,NULL,0,0),(2069646970409984,'2025-01-02 09:13:46','2025-01-02 09:13:46',NULL,NULL,NULL,'218.93.0.234','中国|江苏省|常州市',NULL,NULL,NULL,NULL,0,0),(2069655379317760,'2025-01-02 09:22:19','2025-01-02 09:22:19',NULL,NULL,NULL,'47.113.76.118','中国|广东省|深圳市',NULL,NULL,NULL,NULL,0,0),(2069668733752320,'2025-01-02 09:35:54','2025-01-02 09:35:54',NULL,NULL,NULL,'42.243.69.74','中国|云南省|昆明市',NULL,NULL,NULL,NULL,0,0),(2069676687479808,'2025-01-02 09:44:00','2025-01-02 09:44:00',NULL,NULL,NULL,'172.104.63.24','新加坡|0|0',NULL,NULL,NULL,NULL,0,0),(2069688241017856,'2025-01-02 09:55:45','2025-01-02 09:55:45',NULL,NULL,NULL,'18.141.190.112','新加坡|0|0',NULL,NULL,NULL,NULL,0,0),(2069718094730240,'2025-01-02 10:26:07','2025-01-02 10:26:07',NULL,NULL,NULL,'58.20.12.106','中国|湖南省|长沙市',NULL,NULL,NULL,NULL,0,0),(2069719915074560,'2025-01-02 10:27:58','2025-01-02 10:27:58',NULL,NULL,NULL,'15.235.184.253','美国|佐治亚|亚特兰大',NULL,NULL,NULL,NULL,0,0),(2069720410952704,'2025-01-02 10:28:28','2025-01-02 10:28:28',NULL,NULL,NULL,'114.118.31.194','中国|北京|北京市',NULL,NULL,NULL,NULL,0,0),(2069724299809792,'2025-01-02 10:32:26','2025-01-02 10:32:26',NULL,NULL,NULL,'185.220.238.41','俄罗斯|0|0',NULL,NULL,NULL,NULL,0,0),(2069728016241664,'2025-01-02 10:36:12','2025-01-02 10:36:12',NULL,NULL,NULL,'149.248.35.195','美国|华盛顿|西雅图',NULL,NULL,NULL,NULL,0,0),(2069734676583424,'2025-01-02 10:42:59','2025-01-02 10:42:59',NULL,NULL,NULL,'142.171.156.55','加拿大|安大略|0',NULL,NULL,NULL,NULL,0,0),(2069739728344064,'2025-01-02 10:48:07','2025-01-02 10:48:07',NULL,NULL,NULL,'123.13.63.116','中国|河南省|周口市',NULL,NULL,NULL,NULL,0,0),(2069742126765056,'2025-01-02 10:50:34','2025-01-02 10:50:34',NULL,NULL,NULL,'47.245.34.175','日本|东京都|东京',NULL,NULL,NULL,NULL,0,0),(2069754358797312,'2025-01-02 11:03:00','2025-01-02 11:03:00',NULL,NULL,NULL,'221.6.39.72','中国|江苏省|南京市',NULL,NULL,NULL,NULL,0,0),(2069767788647424,'2025-01-02 11:16:40','2025-01-02 11:16:40',NULL,NULL,NULL,'60.208.104.214','中国|山东省|济南市',NULL,NULL,NULL,NULL,0,0),(2069773411062784,'2025-01-02 11:22:23','2025-01-02 11:22:23',NULL,NULL,NULL,'59.36.211.201','中国|广东省|深圳市',NULL,NULL,NULL,NULL,0,0),(2069777927705600,'2025-01-02 11:26:59','2025-01-02 11:26:59',NULL,NULL,NULL,'114.254.0.181','中国|北京|北京市',NULL,NULL,NULL,NULL,0,0),(2069801078576128,'2025-01-02 11:50:32','2025-01-02 11:50:32',NULL,NULL,NULL,'157.20.137.42','日本|0|0',NULL,NULL,NULL,NULL,0,0),(2069805707826176,'2025-01-02 11:55:14','2025-01-02 11:55:14',NULL,NULL,NULL,'124.204.68.169','中国|北京|北京市',NULL,NULL,NULL,NULL,0,0),(2069914986386432,'2025-01-02 13:46:24','2025-01-02 13:46:24',NULL,NULL,NULL,'183.134.100.240','中国|浙江省|杭州市',NULL,NULL,NULL,NULL,0,0),(2069916087391232,'2025-01-02 13:47:31','2025-01-02 13:47:31',NULL,NULL,NULL,'122.5.32.82','中国|山东省|烟台市',NULL,NULL,NULL,NULL,0,0),(2069934527648768,'2025-01-02 14:06:17','2025-01-02 14:06:17',NULL,NULL,NULL,'114.251.196.102','中国|北京|北京市',NULL,NULL,NULL,NULL,0,0),(2069935545160704,'2025-01-02 14:07:19','2025-01-02 14:07:19',NULL,NULL,NULL,'14.154.24.125','中国|广东省|深圳市',NULL,NULL,NULL,NULL,0,0),(2070042622153728,'2025-01-02 15:56:14','2025-01-02 15:56:14',NULL,NULL,NULL,'106.3.199.200','中国|北京|北京市',NULL,NULL,NULL,NULL,0,0),(2070058691826688,'2025-01-02 16:12:35','2025-01-02 16:12:35',NULL,NULL,NULL,'59.172.88.248','中国|湖北省|武汉市',NULL,NULL,NULL,NULL,0,0),(2070072356787200,'2025-01-02 16:26:29','2025-01-02 16:26:29',NULL,NULL,NULL,'82.152.142.214','英国|0|0',NULL,NULL,NULL,NULL,0,0),(2070078688842752,'2025-01-02 16:32:56','2025-01-02 16:32:56',NULL,NULL,NULL,'101.230.165.66','中国|上海|上海市',NULL,NULL,NULL,NULL,0,0),(2070088515408896,'2025-01-02 16:42:55','2025-01-02 16:42:55',NULL,NULL,NULL,'180.159.94.127','中国|上海|上海市',NULL,NULL,NULL,NULL,0,0),(2070120078971904,'2025-01-02 17:15:02','2025-01-02 17:15:02',NULL,NULL,NULL,'222.73.60.155','中国|上海|上海市',NULL,NULL,NULL,NULL,0,0),(2070127860782080,'2025-01-02 17:22:57','2025-01-02 17:22:57',NULL,NULL,NULL,'116.231.106.85','中国|上海|上海市',NULL,NULL,NULL,NULL,0,0),(2070146011452416,'2025-01-02 17:41:25','2025-01-02 17:41:25',NULL,NULL,NULL,'206.119.93.194','美国|华盛顿特区|华盛顿特区',NULL,NULL,NULL,NULL,0,0),(2070168819291136,'2025-01-02 18:04:37','2025-01-02 18:04:37',NULL,NULL,NULL,'14.155.86.20','中国|广东省|深圳市',NULL,NULL,NULL,NULL,0,0),(2071118053069824,'2025-01-03 10:10:13','2025-01-03 10:10:13',NULL,NULL,NULL,'106.120.58.142','中国|北京|北京市',NULL,NULL,NULL,NULL,0,0),(2071335810618368,'2025-01-03 13:51:44','2025-01-03 13:51:44',NULL,NULL,NULL,'120.234.203.137','中国|广东省|广州市',NULL,NULL,NULL,NULL,0,0),(2071340837131264,'2025-01-03 13:56:51','2025-01-03 13:56:51',NULL,NULL,NULL,'222.92.154.165','中国|江苏省|苏州市',NULL,NULL,NULL,NULL,0,0),(2071523614561280,'2025-01-03 17:02:47','2025-01-03 17:02:47',NULL,NULL,NULL,'14.145.218.244','中国|广东省|广州市',NULL,NULL,NULL,NULL,0,0),(2073308495959040,'2025-01-04 23:18:28','2025-01-04 23:18:28',NULL,NULL,NULL,'171.43.156.160','中国|湖北省|武汉市',NULL,NULL,NULL,NULL,0,0),(2077224967918592,'2025-01-07 17:42:30','2025-01-07 17:42:30',NULL,NULL,NULL,'172.17.34.20','0|0|内网IP',NULL,NULL,NULL,NULL,0,0),(2078171448054784,'2025-01-08 09:45:19','2025-01-08 09:45:19',NULL,NULL,NULL,'120.231.172.205','中国|广东省|珠海市',NULL,NULL,NULL,NULL,0,0),(2087005436679168,'2025-01-14 15:31:42','2025-01-14 15:31:42',NULL,NULL,NULL,'223.112.192.102','中国|江苏省|常州市',NULL,NULL,NULL,NULL,0,0),(2087033806853120,'2025-01-14 16:00:34','2025-01-14 16:00:34',NULL,NULL,NULL,'223.112.192.102','中国|江苏省|常州市',NULL,NULL,NULL,NULL,0,0),(2087038607332352,'2025-01-14 16:05:27','2025-01-14 16:05:27',NULL,NULL,NULL,'223.112.192.102','中国|江苏省|常州市',NULL,NULL,NULL,NULL,0,0),(2087066111169536,'2025-01-14 16:33:26','2025-01-14 16:33:26',NULL,NULL,NULL,'223.112.192.102','中国|江苏省|常州市',NULL,NULL,NULL,NULL,0,0),(2089826891371520,'2025-01-16 15:21:50','2025-01-16 15:21:50',NULL,NULL,NULL,'60.208.107.114','中国|山东省|济南市',NULL,NULL,NULL,NULL,0,0),(2095605326992384,'2025-01-20 17:19:58','2025-01-20 17:19:58',NULL,NULL,NULL,'222.79.44.176','中国|福建省|福州市',NULL,NULL,NULL,NULL,0,0),(2099696603206656,'2025-01-23 14:41:50','2025-01-23 14:41:50',NULL,NULL,NULL,'222.128.41.74','中国|北京|北京市',NULL,NULL,NULL,NULL,0,0),(2124282153751552,'2025-02-09 23:31:33','2025-02-09 23:31:33',NULL,NULL,NULL,'36.232.54.9','中国|台湾省|0',NULL,NULL,NULL,NULL,0,0),(2190358452769792,'2025-03-28 15:47:50','2025-03-28 15:47:50',NULL,NULL,NULL,'218.93.125.60','中国|江苏省|常州市',NULL,NULL,NULL,NULL,0,0),(2190360689284096,'2025-03-28 15:50:06','2025-03-28 15:50:06',NULL,NULL,NULL,'218.93.125.60','中国|江苏省|常州市',NULL,NULL,NULL,NULL,0,0),(2190371062338560,'2025-03-28 16:00:40','2025-03-28 16:00:40',NULL,NULL,NULL,'218.93.125.60','中国|江苏省|常州市',NULL,NULL,NULL,NULL,0,0),(2190488595223552,'2025-03-28 18:00:13','2025-03-28 18:00:13',NULL,NULL,NULL,'218.93.125.60','中国|江苏省|常州市',NULL,NULL,NULL,NULL,0,0),(2190853804987392,'2025-03-29 00:11:44','2025-03-29 00:11:44',NULL,NULL,NULL,'222.185.10.151','中国|江苏省|常州市',NULL,NULL,NULL,NULL,0,0),(2192108690412544,'2025-03-29 21:28:16','2025-03-29 21:28:16',NULL,NULL,NULL,'117.63.254.82','中国|江苏省|常州市',NULL,NULL,NULL,NULL,0,0),(2194257711305728,'2025-03-31 09:54:22','2025-03-31 09:54:22',NULL,NULL,NULL,'218.93.125.60','中国|江苏省|常州市',NULL,NULL,NULL,NULL,0,0),(2194466237305856,'2025-03-31 13:26:29','2025-03-31 13:26:29',NULL,NULL,NULL,'218.93.125.60','中国|江苏省|常州市',NULL,NULL,NULL,NULL,0,0),(2195724191585280,'2025-04-01 10:46:09','2025-04-01 10:46:09',NULL,NULL,NULL,'219.141.180.76','中国|北京|北京市',NULL,NULL,NULL,NULL,0,0),(2196042446590976,'2025-04-01 16:09:53','2025-04-01 16:09:53',NULL,NULL,NULL,'182.200.250.222','中国|辽宁省|沈阳市',NULL,NULL,NULL,NULL,0,0),(2196219851904000,'2025-04-01 19:10:21','2025-04-01 19:10:21',NULL,NULL,NULL,'124.79.34.90','中国|上海|上海市',NULL,NULL,NULL,NULL,0,0),(2197127232787456,'2025-04-02 10:33:23','2025-04-02 10:33:23',NULL,NULL,NULL,'58.216.151.98','中国|江苏省|常州市',NULL,NULL,NULL,NULL,0,0),(2197309751399424,'2025-04-02 13:39:04','2025-04-02 13:39:04',NULL,NULL,NULL,'45.62.172.73','美国|德克萨斯|达拉斯',NULL,NULL,NULL,NULL,0,0),(2197433502602240,'2025-04-02 15:44:57','2025-04-02 15:44:57',NULL,NULL,NULL,'218.93.125.60','中国|江苏省|常州市',NULL,NULL,NULL,NULL,0,0),(2197543828198400,'2025-04-02 17:37:10','2025-04-02 17:37:10',NULL,NULL,NULL,'218.93.125.60','中国|江苏省|常州市',NULL,NULL,NULL,NULL,0,0),(2197652439077888,'2025-04-02 19:27:40','2025-04-02 19:27:40',NULL,NULL,NULL,'120.9.195.28','中国|河北省|邯郸市',NULL,NULL,NULL,NULL,0,0),(2200483323925504,'2025-04-04 19:27:23','2025-04-04 19:27:23',NULL,NULL,NULL,'117.63.254.82','中国|江苏省|常州市',NULL,NULL,NULL,NULL,0,0),(2200500374803456,'2025-04-04 19:44:44','2025-04-04 19:44:44',NULL,NULL,NULL,'117.63.254.82','中国|江苏省|常州市',NULL,NULL,NULL,NULL,0,0),(2200501830259712,'2025-04-04 19:46:13','2025-04-04 19:46:13',NULL,NULL,NULL,'117.63.254.82','中国|江苏省|常州市',NULL,NULL,NULL,NULL,0,0),(2200515433501696,'2025-04-04 20:00:03','2025-04-04 20:00:03',NULL,NULL,NULL,'117.63.254.82','中国|江苏省|常州市',NULL,NULL,NULL,NULL,0,0),(2200550773609472,'2025-04-04 20:36:00','2025-04-04 20:36:00',NULL,NULL,NULL,'117.63.254.82','中国|江苏省|常州市',NULL,NULL,NULL,NULL,0,0),(2201706040300544,'2025-04-05 16:11:12','2025-04-05 16:11:12',NULL,NULL,'admin','172.20.10.10','0|0|内网IP',2,'Microsoft Edge',NULL,NULL,0,0),(2202153702970368,'2025-04-05 23:46:35','2025-04-05 23:46:35',NULL,NULL,'admin','192.168.2.59','0|0|内网IP',2,'Microsoft Edge',NULL,NULL,0,0),(2211806546531328,'2025-04-12 19:25:58','2025-04-12 19:25:58',NULL,NULL,'admin','192.168.2.59','0|0|内网IP',2,'Microsoft Edge',NULL,NULL,0,0),(2211891212047360,'2025-04-12 20:52:05','2025-04-12 20:52:05',NULL,NULL,'admin','192.168.2.59','0|0|内网IP',2,'Microsoft Edge',NULL,NULL,0,0),(2212589581456384,'2025-04-13 08:42:30','2025-04-13 08:42:30',NULL,NULL,'admin','192.168.2.59','0|0|内网IP',2,'Microsoft Edge',NULL,NULL,0,0),(2213347772388352,'2025-04-13 21:33:47','2025-04-13 21:33:47',NULL,NULL,'admin','192.168.2.59','0|0|内网IP',2,'Microsoft Edge',NULL,NULL,0,0),(2215726981108736,'2025-04-15 13:54:02','2025-04-15 13:54:02',NULL,NULL,'admin','172.17.32.29','0|0|内网IP',2,'Microsoft Edge',NULL,NULL,0,0),(2215800209069056,'2025-04-15 15:08:31','2025-04-15 15:08:31',NULL,NULL,'admin','172.17.32.29','0|0|内网IP',2,'Microsoft Edge',NULL,NULL,0,0),(2215835721176064,'2025-04-15 15:44:39','2025-04-15 15:44:39',NULL,NULL,'admin','172.17.32.29','0|0|内网IP',2,'Microsoft Edge',NULL,NULL,0,0),(2215955532502016,'2025-04-15 17:46:32','2025-04-15 17:46:32',NULL,NULL,'admin','172.17.32.29','0|0|内网IP',2,'Microsoft Edge',NULL,NULL,0,0),(2215959501050880,'2025-04-15 17:50:34','2025-04-15 17:50:34',NULL,NULL,'admin','172.17.32.29','0|0|内网IP',2,'Microsoft Edge',NULL,NULL,0,0),(2215964200981504,'2025-04-15 17:55:21','2025-04-15 17:55:21',NULL,NULL,'user','172.17.32.29','0|0|内网IP',2,'Microsoft Edge',NULL,NULL,0,0),(2215964557710336,'2025-04-15 17:55:43','2025-04-15 17:55:43',NULL,NULL,'admin','172.17.32.29','0|0|内网IP',2,'Microsoft Edge',NULL,NULL,0,0),(2215964969653248,'2025-04-15 17:56:08','2025-04-15 17:56:08',NULL,NULL,'admin','172.17.32.29','0|0|内网IP',2,'Microsoft Edge',NULL,NULL,0,0),(2215965350646784,'2025-04-15 17:56:31','2025-04-15 17:56:31',NULL,NULL,'admin','172.17.32.29','0|0|内网IP',2,'Microsoft Edge',NULL,NULL,0,0),(2217377468388352,'2025-04-16 17:53:00','2025-04-16 17:53:00',NULL,NULL,'admin','172.17.32.29','0|0|内网IP',2,'Microsoft Edge',NULL,NULL,0,0),(2217379974140928,'2025-04-16 17:55:33','2025-04-16 17:55:33',NULL,NULL,'admin','172.17.32.29','0|0|内网IP',2,'Microsoft Edge',NULL,NULL,0,0),(2220126874178560,'2025-04-18 16:29:50','2025-04-18 16:29:50',NULL,NULL,'admin','172.17.38.135','0|0|内网IP',2,'Microsoft Edge',NULL,NULL,0,0),(2220141529404416,'2025-04-18 16:44:45','2025-04-18 16:44:45',NULL,NULL,'admin','172.17.38.135','0|0|内网IP',2,'Microsoft Edge',NULL,NULL,0,0),(2221684534645760,'2025-04-19 18:54:22','2025-04-19 18:54:22',NULL,NULL,'admin','192.168.2.62','0|0|内网IP',2,'Microsoft Edge',NULL,NULL,0,0),(2221800078218240,'2025-04-19 20:51:54','2025-04-19 20:51:54',NULL,NULL,'admin','192.168.2.62','0|0|内网IP',2,'Microsoft Edge',NULL,NULL,0,0),(2227285293978624,'2025-04-23 17:51:45','2025-04-23 17:51:45',NULL,NULL,'admin','172.17.38.135','0|0|内网IP',2,'Microsoft Edge',NULL,NULL,0,0),(2228336652375040,'2025-04-24 11:41:15','2025-04-24 11:41:15',NULL,NULL,'admin','172.17.38.135','0|0|内网IP',2,'Microsoft Edge',NULL,NULL,0,0),(2228346251056128,'2025-04-24 11:51:01','2025-04-24 11:51:01',NULL,NULL,'admin','172.17.38.135','0|0|内网IP',2,'Microsoft Edge',NULL,NULL,0,0),(2228347391054848,'2025-04-24 11:52:11','2025-04-24 11:52:11',NULL,NULL,'admin','172.17.38.135','0|0|内网IP',2,'Microsoft Edge',NULL,NULL,0,0),(2228475223446528,'2025-04-24 14:02:13','2025-04-24 14:02:13',NULL,NULL,'admin','172.17.38.135','0|0|内网IP',2,'Microsoft Edge',NULL,NULL,0,0),(2228477429109760,'2025-04-24 14:04:28','2025-04-24 14:04:28',NULL,NULL,'admin','172.17.38.135','0|0|内网IP',2,'Microsoft Edge',NULL,NULL,0,0),(2228520552502272,'2025-04-24 14:48:20','2025-04-24 14:48:20',NULL,NULL,'admin','172.17.38.135','0|0|内网IP',2,'Microsoft Edge',NULL,NULL,0,0),(2230101772866560,'2025-04-25 17:36:50','2025-04-25 17:36:50',NULL,NULL,'admin','172.17.38.135','0|0|内网IP',2,'Microsoft Edge',NULL,NULL,0,0),(2230107465946112,'2025-04-25 17:42:37','2025-04-25 17:42:37',NULL,NULL,'admin','172.17.38.135','0|0|内网IP',2,'Microsoft Edge',NULL,NULL,0,0),(2230109281326080,'2025-04-25 17:44:28','2025-04-25 17:44:28',NULL,NULL,'admin','172.17.38.135','0|0|内网IP',2,'Microsoft Edge',NULL,NULL,0,0),(2232912503739392,'2025-04-27 17:16:03','2025-04-27 17:16:03',NULL,NULL,'admin','172.17.38.135','0|0|内网IP',2,'Microsoft Edge',NULL,NULL,0,0),(2232916856558592,'2025-04-27 17:20:29','2025-04-27 17:20:29',NULL,NULL,'admin','172.17.38.135','0|0|内网IP',2,'Microsoft Edge',NULL,NULL,0,0),(2232939018261504,'2025-04-27 17:43:01','2025-04-27 17:43:01',NULL,NULL,'admin','172.17.38.135','0|0|内网IP',2,'Microsoft Edge',NULL,NULL,0,0),(2237088078681088,'2025-04-30 16:03:40','2025-04-30 16:03:40',NULL,NULL,'admin','172.17.38.135','0|0|内网IP',2,'Microsoft Edge',NULL,NULL,0,0),(2237112517563392,'2025-04-30 16:28:32','2025-04-30 16:28:32',NULL,NULL,'admin','172.17.38.135','0|0|内网IP',2,'Microsoft Edge',NULL,NULL,0,0),(2237124807431168,'2025-04-30 16:41:02','2025-04-30 16:41:02',NULL,NULL,'admin','172.17.38.135','0|0|内网IP',2,'Microsoft Edge',NULL,NULL,0,0),(2237126256890880,'2025-04-30 16:42:30','2025-04-30 16:42:30',NULL,NULL,'admin','172.17.38.135','0|0|内网IP',2,'Microsoft Edge',NULL,NULL,0,0),(2237142959903744,'2025-04-30 16:59:30','2025-04-30 16:59:30',NULL,NULL,'admin','172.17.38.135','0|0|内网IP',2,'Microsoft Edge',NULL,NULL,0,0),(2245324513956864,'2025-05-06 11:42:12','2025-05-06 11:42:12',NULL,NULL,'admin','172.17.36.3','0|0|内网IP',2,'Microsoft Edge',NULL,NULL,0,0),(2245484981474304,'2025-05-06 14:25:26','2025-05-06 14:25:26',NULL,NULL,'admin','172.17.36.3','0|0|内网IP',2,'Microsoft Edge',NULL,NULL,0,0),(2245528867804160,'2025-05-06 15:10:05','2025-05-06 15:10:05',NULL,NULL,'admin','172.17.36.3','0|0|内网IP',2,'Microsoft Edge',NULL,NULL,0,0),(2247025917400064,'2025-05-07 16:32:57','2025-05-07 16:32:57',NULL,NULL,'admin','172.17.36.3','0|0|内网IP',2,'Microsoft Edge',NULL,NULL,0,0),(2247064084993024,'2025-05-07 17:11:47','2025-05-07 17:11:47',NULL,NULL,'admin','172.17.36.3','0|0|内网IP',2,'Microsoft Edge',NULL,NULL,0,0),(2247106193560576,'2025-05-07 17:54:37','2025-05-07 17:54:37',NULL,NULL,'admin','172.17.36.3','0|0|内网IP',2,'Microsoft Edge',NULL,NULL,0,0),(2248341470024704,'2025-05-08 14:51:12','2025-05-08 14:51:12',NULL,NULL,'admin','172.17.36.3','0|0|内网IP',2,'Microsoft Edge',NULL,NULL,0,0),(2248420644803584,'2025-05-08 16:11:45','2025-05-08 16:11:45',NULL,NULL,'admin','172.17.36.3','0|0|内网IP',2,'Microsoft Edge',NULL,NULL,0,0),(2254003903288320,'2025-05-12 14:51:20','2025-05-12 14:51:20',NULL,NULL,'admin','172.17.36.3','0|0|内网IP',2,'Microsoft Edge',NULL,NULL,0,0),(2254118896686080,'2025-05-12 16:48:19','2025-05-12 16:48:19',NULL,NULL,'admin','172.17.36.3','0|0|内网IP',2,'Microsoft Edge',NULL,NULL,0,0),(2255395959264256,'2025-05-13 14:27:24','2025-05-13 14:27:24',NULL,NULL,'admin','172.17.36.3','0|0|内网IP',2,'Microsoft Edge',NULL,NULL,0,0),(2255398276224000,'2025-05-13 14:29:46','2025-05-13 14:29:46',NULL,NULL,'admin','172.17.36.3','0|0|内网IP',2,'Microsoft Edge',NULL,NULL,0,0),(2255404067820544,'2025-05-13 14:35:39','2025-05-13 14:35:39',NULL,NULL,'admin','172.17.36.3','0|0|内网IP',2,'Microsoft Edge',NULL,NULL,0,0),(2256963916698624,'2025-05-14 17:02:25','2025-05-14 17:02:25',NULL,NULL,'admin','172.17.36.3','0|0|内网IP',2,'Microsoft Edge',NULL,NULL,0,0),(2257174028817408,'2025-05-14 20:36:09','2025-05-14 20:36:09',NULL,NULL,'admin','192.168.2.66','0|0|内网IP',2,'Microsoft Edge',NULL,NULL,0,0),(2258346464842752,'2025-05-15 16:28:49','2025-05-15 16:28:49',NULL,NULL,'admin','172.17.36.3','0|0|内网IP',2,'Microsoft Edge',NULL,NULL,0,0),(2264066410615808,'2025-05-19 17:27:27','2025-05-19 17:27:27',NULL,NULL,'admin','172.17.36.3','0|0|内网IP',2,'Microsoft Edge',NULL,NULL,0,0),(2264069683500032,'2025-05-19 17:30:46','2025-05-19 17:30:46',NULL,NULL,'admin','172.17.36.3','0|0|内网IP',2,'Microsoft Edge',NULL,NULL,0,0),(2269717487571968,'2025-05-23 17:16:01','2025-05-23 17:16:01',NULL,NULL,'admin','172.17.33.207','0|0|内网IP',2,'Microsoft Edge',NULL,NULL,0,0),(2269982757409792,'2025-05-23 21:45:52','2025-05-23 21:45:52',NULL,NULL,'admin','192.168.2.66','0|0|内网IP',2,'Microsoft Edge',NULL,NULL,0,0),(2269983645897728,'2025-05-23 21:46:46','2025-05-23 21:46:46',NULL,NULL,'admin','192.168.2.66','0|0|内网IP',2,'Microsoft Edge',NULL,NULL,0,0),(2270731575284736,'2025-05-24 10:27:36','2025-05-24 10:27:36',NULL,NULL,'admin','172.20.10.10','0|0|内网IP',2,'Microsoft Edge',NULL,NULL,0,0),(2273965992612864,'2025-05-26 17:17:49','2025-05-26 17:17:49',NULL,NULL,'admin','172.17.33.207','0|0|内网IP',2,'Microsoft Edge',NULL,NULL,0,0),(2274071784444928,'2025-05-26 19:05:26','2025-05-26 19:05:26',NULL,NULL,'admin','192.168.2.66','0|0|内网IP',2,'Microsoft Edge',NULL,NULL,0,0),(2274213135848448,'2025-05-26 21:29:14','2025-05-26 21:29:14',NULL,NULL,'admin','192.168.2.66','0|0|内网IP',2,'Microsoft Edge',NULL,NULL,0,0),(2274215151703040,'2025-05-26 21:31:17','2025-05-26 21:31:17',NULL,NULL,'admin','192.168.2.66','0|0|内网IP',2,'Microsoft Edge',NULL,NULL,0,0),(2274226755064832,'2025-05-26 21:43:05','2025-05-26 21:43:05',NULL,NULL,'admin','192.168.2.66','0|0|内网IP',2,'Microsoft Edge',NULL,NULL,0,0),(2274982600774656,'2025-05-27 10:31:58','2025-05-27 10:31:58',NULL,NULL,'admin','172.17.33.207','0|0|内网IP',2,'Microsoft Edge',NULL,NULL,0,0),(2275222389593088,'2025-05-27 14:35:54','2025-05-27 14:35:54',NULL,NULL,'admin','172.17.33.207','0|0|内网IP',2,'Microsoft Edge',NULL,NULL,0,0),(2275223893939200,'2025-05-27 14:37:25','2025-05-27 14:37:25',NULL,NULL,'admin','172.17.33.207','0|0|内网IP',2,'Microsoft Edge',NULL,NULL,0,0),(2276819572462592,'2025-05-28 17:40:38','2025-05-28 17:40:38',NULL,NULL,'admin','172.17.33.207','0|0|内网IP',2,'Microsoft Edge',NULL,NULL,0,0),(2276831712384000,'2025-05-28 17:52:59','2025-05-28 17:52:59',NULL,NULL,'admin','172.17.33.207','0|0|内网IP',2,'Microsoft Edge',NULL,NULL,0,0),(2277040809333760,'2025-05-28 21:25:41','2025-05-28 21:25:41',NULL,NULL,'admin','192.168.2.66','0|0|内网IP',2,'Microsoft Edge',NULL,NULL,0,0),(2277042025026560,'2025-05-28 21:26:55','2025-05-28 21:26:55',NULL,NULL,'admin','192.168.2.66','0|0|内网IP',2,'Microsoft Edge',NULL,NULL,0,0),(2277700793553920,'2025-05-29 08:37:03','2025-05-29 08:37:03',NULL,NULL,'admin','172.17.33.207','0|0|内网IP',2,'Microsoft Edge',NULL,NULL,0,0),(2277704232768512,'2025-05-29 08:40:33','2025-05-29 08:40:33',NULL,NULL,'admin','172.17.33.207','0|0|内网IP',2,'Microsoft Edge',NULL,NULL,0,0),(2277714201924608,'2025-05-29 08:50:42','2025-05-29 08:50:42',NULL,NULL,'admin','172.17.33.207','0|0|内网IP',2,'Microsoft Edge',NULL,NULL,0,0),(2277714953835520,'2025-05-29 08:51:28','2025-05-29 08:51:28',NULL,NULL,'admin','172.17.33.207','0|0|内网IP',2,'Microsoft Edge',NULL,NULL,0,0),(2277716117165056,'2025-05-29 08:52:39','2025-05-29 08:52:39',NULL,NULL,'admin','172.17.33.207','0|0|内网IP',2,'Microsoft Edge',NULL,NULL,0,0),(2277716941542400,'2025-05-29 08:53:29','2025-05-29 08:53:29',NULL,NULL,'admin','172.17.33.207','0|0|内网IP',2,'Microsoft Edge',NULL,NULL,0,0),(2277720406922240,'2025-05-29 08:57:00','2025-05-29 08:57:00',NULL,NULL,'admin','172.17.33.207','0|0|内网IP',2,'Microsoft Edge',NULL,NULL,0,0),(2277722118263808,'2025-05-29 08:58:45','2025-05-29 08:58:45',NULL,NULL,'admin','172.17.33.207','0|0|内网IP',2,'Microsoft Edge',NULL,NULL,0,0),(2277754389255168,'2025-05-29 09:31:35','2025-05-29 09:31:35',NULL,NULL,'admin','172.17.33.207','0|0|内网IP',2,'Microsoft Edge',NULL,NULL,0,0),(2277796613673984,'2025-05-29 10:14:32','2025-05-29 10:14:32',NULL,NULL,'admin','172.17.33.207','0|0|内网IP',2,'Microsoft Edge',NULL,NULL,0,0),(2296600413131776,'2025-06-11 17:02:45','2025-06-11 17:02:45',NULL,NULL,'admin','172.17.35.109','0|0|内网IP',2,'Microsoft Edge',NULL,NULL,0,0),(2296620283008000,'2025-06-11 17:22:57','2025-06-11 17:22:57',NULL,NULL,'admin','172.17.35.109','0|0|内网IP',2,'Microsoft Edge',NULL,NULL,0,0),(2296624708342784,'2025-06-11 17:27:27','2025-06-11 17:27:27',NULL,NULL,'admin','172.17.35.109','0|0|内网IP',2,'Microsoft Edge',NULL,NULL,0,0),(2296626679682048,'2025-06-11 17:29:28','2025-06-11 17:29:28',NULL,NULL,'admin','172.17.35.109','0|0|内网IP',2,'Microsoft Edge',NULL,NULL,0,0),(2296628162810880,'2025-06-11 17:30:58','2025-06-11 17:30:58',NULL,NULL,'admin','172.17.35.109','0|0|内网IP',2,'Microsoft Edge',NULL,NULL,0,0),(2296640040637440,'2025-06-11 17:43:03','2025-06-11 17:43:03',NULL,NULL,'admin','172.17.35.109','0|0|内网IP',2,'Microsoft Edge',NULL,NULL,0,0),(2296642887586816,'2025-06-11 17:45:57','2025-06-11 17:45:57',NULL,NULL,'admin','172.17.35.109','0|0|内网IP',2,'Microsoft Edge',NULL,NULL,0,0),(2296644064154624,'2025-06-11 17:47:09','2025-06-11 17:47:09',NULL,NULL,'admin','172.17.35.109','0|0|内网IP',2,'Microsoft Edge',NULL,NULL,0,0),(2297901414913024,'2025-06-12 15:06:11','2025-06-12 15:06:11',NULL,NULL,'admin','172.17.35.109','0|0|内网IP',2,'Microsoft Edge',NULL,NULL,0,0),(2297905967911936,'2025-06-12 15:10:49','2025-06-12 15:10:49',NULL,NULL,'admin','172.17.35.109','0|0|内网IP',2,'Microsoft Edge',NULL,NULL,0,0),(2297909450380288,'2025-06-12 15:14:22','2025-06-12 15:14:22',NULL,NULL,'admin','172.17.35.109','0|0|内网IP',2,'Microsoft Edge',NULL,NULL,0,0),(2297990610408448,'2025-06-12 16:36:55','2025-06-12 16:36:55',NULL,NULL,'admin','172.17.35.109','0|0|内网IP',2,'Microsoft Edge',NULL,NULL,0,0),(2297991380292608,'2025-06-12 16:37:42','2025-06-12 16:37:42',NULL,NULL,'admin','172.17.35.109','0|0|内网IP',2,'Microsoft Edge',NULL,NULL,0,0),(2298003300258816,'2025-06-12 16:49:50','2025-06-12 16:49:50',NULL,NULL,'admin','172.17.35.109','0|0|内网IP',2,'Microsoft Edge',NULL,NULL,0,0),(2298005201802240,'2025-06-12 16:51:46','2025-06-12 16:51:46',NULL,NULL,'admin','172.17.35.109','0|0|内网IP',2,'Microsoft Edge',NULL,NULL,0,0),(2298018982220800,'2025-06-12 17:05:47','2025-06-12 17:05:47',NULL,NULL,'admin','172.17.35.109','0|0|内网IP',2,'Microsoft Edge',NULL,NULL,0,0),(2298033257321472,'2025-06-12 17:20:18','2025-06-12 17:20:18',NULL,NULL,'admin','172.17.35.109','0|0|内网IP',2,'Microsoft Edge',NULL,NULL,0,0),(2299323575555072,'2025-06-13 15:12:53','2025-06-13 15:12:53',NULL,NULL,'admin','172.17.35.109','0|0|内网IP',2,'Microsoft Edge',NULL,NULL,0,0);
/*!40000 ALTER TABLE `sys_login_log` ENABLE KEYS */;
UNLOCK TABLES;

--
-- Table structure for table `sys_menu`
--

DROP TABLE IF EXISTS `sys_menu`;
/*!40101 SET @saved_cs_client     = @@character_set_client */;
/*!50503 SET character_set_client = utf8mb4 */;
CREATE TABLE `sys_menu` (
  `id` bigint unsigned NOT NULL COMMENT 'ID',
  `create_time` datetime NOT NULL DEFAULT CURRENT_TIMESTAMP COMMENT '创建时间',
  `update_time` datetime NOT NULL DEFAULT CURRENT_TIMESTAMP ON UPDATE CURRENT_TIMESTAMP COMMENT '更新时间',
  `create_user` bigint unsigned DEFAULT NULL COMMENT '创建人',
  `update_user` bigint unsigned DEFAULT NULL COMMENT '更新人',
  `pid` bigint unsigned NOT NULL COMMENT '父ID',
  `name` varchar(100) CHARACTER SET utf8mb4 COLLATE utf8mb4_0900_ai_ci NOT NULL COMMENT '名称',
  `access` varchar(100) CHARACTER SET utf8mb4 COLLATE utf8mb4_general_ci DEFAULT NULL COMMENT '权限标识',
  `type` int DEFAULT NULL COMMENT '类型',
  `order` int DEFAULT NULL COMMENT '顺序',
  `enabled` tinyint DEFAULT '0' COMMENT '是否启用（0 否 1 是）',
  `deleted` tinyint DEFAULT '0' COMMENT '是否删除（0 否 1 是）',
  PRIMARY KEY (`id`)
) ENGINE=InnoDB DEFAULT CHARSET=utf8mb4 COLLATE=utf8mb4_general_ci COMMENT='菜单管理';
/*!40101 SET character_set_client = @saved_cs_client */;

--
-- Dumping data for table `sys_menu`
--

LOCK TABLES `sys_menu` WRITE;
/*!40000 ALTER TABLE `sys_menu` DISABLE KEYS */;
INSERT INTO `sys_menu` VALUES (2019078096098304,'2024-11-27 07:52:27','2024-11-27 07:52:27',NULL,NULL,0,'日志管理','log',1,NULL,0,0),(2019078504993792,'2024-11-27 07:52:52','2024-11-27 07:52:52',NULL,NULL,2019078096098304,'登录日志','log:loginLog',1,NULL,0,0),(2019078839931904,'2024-11-27 07:53:12','2024-12-20 10:47:37',NULL,NULL,2019078096098304,'操作日志','log:operationLog',1,NULL,0,0),(2026038219789312,'2024-12-02 13:52:39','2024-12-02 13:52:39',NULL,NULL,0,'系统管理','system',1,NULL,0,0),(2026038595359744,'2024-12-02 13:53:02','2024-12-02 13:53:02',NULL,NULL,2026038219789312,'字典管理','system:dict',1,NULL,0,0),(2026038918730752,'2024-12-02 13:53:21','2024-12-02 13:53:21',NULL,NULL,2026038219789312,'角色管理','system:role',1,NULL,0,0),(2026039174796288,'2024-12-02 13:53:37','2024-12-11 15:14:56',NULL,NULL,2026038219789312,'用户管理','system:user',1,NULL,0,0),(2026093822546944,'2024-12-02 14:49:13','2024-12-02 14:49:13',NULL,NULL,0,'开发管理','development',1,NULL,0,0),(2026094149145600,'2024-12-02 14:49:32','2024-12-02 14:49:32',NULL,NULL,2026093822546944,'菜单管理','development:menu',1,NULL,0,0),(2026094418236416,'2024-12-02 14:49:49','2024-12-02 14:49:49',NULL,NULL,2026093822546944,'接口管理','development:api',1,NULL,0,0),(2037198229443584,'2024-12-10 11:05:12','2024-12-10 11:05:12',NULL,NULL,0,'组织管理','organization',1,NULL,0,0),(2037198584419328,'2024-12-10 11:05:33','2024-12-10 11:06:34',NULL,NULL,2037198229443584,'业务单元','organization:bizUnit',1,NULL,0,0),(2037199116555264,'2024-12-10 11:06:06','2024-12-10 11:06:06',NULL,NULL,2037198229443584,'部门管理','organization:department',1,NULL,0,0),(2037199410172928,'2024-12-10 11:06:24','2024-12-10 11:06:24',NULL,NULL,2037198229443584,'岗位管理','organization:post',1,NULL,0,0),(2038859592897536,'2024-12-11 15:15:13','2024-12-11 15:15:13',NULL,NULL,2037198229443584,'人员管理','organization:psn',1,NULL,0,0),(2051380118705152,'2024-12-20 11:31:46','2024-12-20 11:31:46',NULL,NULL,2019078096098304,'异常日志','log:exceptionLog',1,NULL,0,0);
/*!40000 ALTER TABLE `sys_menu` ENABLE KEYS */;
UNLOCK TABLES;

--
-- Table structure for table `sys_operation_log`
--

DROP TABLE IF EXISTS `sys_operation_log`;
/*!40101 SET @saved_cs_client     = @@character_set_client */;
/*!50503 SET character_set_client = utf8mb4 */;
CREATE TABLE `sys_operation_log` (
  `id` bigint unsigned NOT NULL COMMENT 'ID',
  `create_time` datetime NOT NULL DEFAULT CURRENT_TIMESTAMP COMMENT '创建时间',
  `update_time` datetime NOT NULL DEFAULT CURRENT_TIMESTAMP ON UPDATE CURRENT_TIMESTAMP COMMENT '更新时间',
  `create_user` bigint unsigned DEFAULT NULL COMMENT '创建人',
  `update_user` bigint unsigned DEFAULT NULL COMMENT '更新人',
  `user` varchar(100) CHARACTER SET utf8mb4 COLLATE utf8mb4_general_ci DEFAULT NULL COMMENT '操作人',
  `module` varchar(100) CHARACTER SET utf8mb4 COLLATE utf8mb4_general_ci DEFAULT NULL COMMENT '模块',
  `type` int DEFAULT NULL COMMENT '类型',
  `description` varchar(100) CHARACTER SET utf8mb4 COLLATE utf8mb4_general_ci DEFAULT NULL COMMENT '描述',
  PRIMARY KEY (`id`)
) ENGINE=InnoDB DEFAULT CHARSET=utf8mb4 COLLATE=utf8mb4_general_ci COMMENT='操作日志';
/*!40101 SET character_set_client = @saved_cs_client */;

--
-- Dumping data for table `sys_operation_log`
--

LOCK TABLES `sys_operation_log` WRITE;
/*!40000 ALTER TABLE `sys_operation_log` DISABLE KEYS */;
INSERT INTO `sys_operation_log` VALUES (2048772343092224,'2024-12-18 15:19:00','2024-12-18 15:19:00',NULL,NULL,NULL,'登录',7,'登录接口'),(2048772440495104,'2024-12-18 15:19:06','2024-12-18 15:19:06',NULL,NULL,NULL,'查询字典组',3,'查询字典组接口'),(2048796209042432,'2024-12-18 15:43:16','2024-12-18 15:43:16',NULL,NULL,NULL,'登录',7,'登录接口'),(2048807457707008,'2024-12-18 15:54:43','2024-12-18 15:54:43',NULL,NULL,NULL,'登录',7,'登录接口'),(2048809344144384,'2024-12-18 15:56:38','2024-12-18 15:56:38',NULL,NULL,NULL,'查询字典组',3,'查询字典组接口'),(2048809635959808,'2024-12-18 15:56:56','2024-12-18 15:56:56',NULL,NULL,NULL,'登录',7,'登录接口'),(2048809733182464,'2024-12-18 15:57:02','2024-12-18 15:57:02',NULL,NULL,NULL,'查询字典组',3,'查询字典组接口'),(2048828603716608,'2024-12-18 16:16:13','2024-12-18 16:16:13',NULL,NULL,NULL,'登录',7,'登录接口'),(2048837538812928,'2024-12-18 16:25:19','2024-12-18 16:25:19',NULL,NULL,NULL,'查询字典组',3,'查询字典组接口'),(2048850618487808,'2024-12-18 16:38:37','2024-12-18 16:38:37',NULL,NULL,NULL,'登录',7,'登录接口'),(2048852227281920,'2024-12-18 16:40:15','2024-12-18 16:40:15',NULL,NULL,NULL,'登录',7,'登录接口'),(2048852322784256,'2024-12-18 16:40:21','2024-12-18 16:40:21',NULL,NULL,NULL,'登录',7,'登录接口'),(2048852760073216,'2024-12-18 16:40:48','2024-12-18 16:40:48',NULL,NULL,NULL,'查询字典组',3,'查询字典组接口'),(2048855927591936,'2024-12-18 16:44:01','2024-12-18 16:44:01',NULL,NULL,NULL,'查询字典组',3,'查询字典组接口'),(2048858458461184,'2024-12-18 16:46:36','2024-12-18 16:46:36',NULL,NULL,'查询字典组接口','查询字典组',3,'admin'),(2048860375307264,'2024-12-18 16:48:33','2024-12-18 16:48:33',NULL,NULL,'admin','查询字典组',3,'查询字典组接口'),(2048887244461056,'2024-12-18 17:15:53','2024-12-18 17:15:53',NULL,NULL,'admin','查询字典组',3,'查询字典组接口'),(2048915105829888,'2024-12-18 17:44:13','2024-12-18 17:44:13',NULL,NULL,'admin','查询字典组',3,'查询字典组接口'),(2050226289628160,'2024-12-19 15:58:01','2024-12-19 15:58:01',NULL,NULL,'admin','查询字典组',3,'查询字典组接口'),(2051329088525312,'2024-12-20 10:39:51','2024-12-20 10:39:51',NULL,NULL,'admin','查询字典组',3,'查询字典组接口'),(2051380719735808,'2024-12-20 11:32:22','2024-12-20 11:32:22',NULL,NULL,'admin','查询字典组',3,'查询字典组接口'),(2051400595690496,'2024-12-20 11:52:35','2024-12-20 11:52:35',NULL,NULL,'admin','查询字典组',3,'查询字典组接口'),(2051401439089664,'2024-12-20 11:53:27','2024-12-20 11:53:27',NULL,NULL,'admin','查询字典组',3,'查询字典组接口'),(2051401446495232,'2024-12-20 11:53:27','2024-12-20 11:53:27',NULL,NULL,'admin','查询字典组',3,'查询字典组接口'),(2051401449313280,'2024-12-20 11:53:27','2024-12-20 11:53:27',NULL,NULL,'admin','查询字典组',3,'查询字典组接口'),(2051401454867456,'2024-12-20 11:53:28','2024-12-20 11:53:28',NULL,NULL,'admin','查询字典组',3,'查询字典组接口'),(2051401458127872,'2024-12-20 11:53:28','2024-12-20 11:53:28',NULL,NULL,'admin','查询字典组',3,'查询字典组接口'),(2051401460749312,'2024-12-20 11:53:28','2024-12-20 11:53:28',NULL,NULL,'admin','查询字典组',3,'查询字典组接口'),(2051401462944768,'2024-12-20 11:53:28','2024-12-20 11:53:28',NULL,NULL,'admin','查询字典组',3,'查询字典组接口'),(2051401465992192,'2024-12-20 11:53:29','2024-12-20 11:53:29',NULL,NULL,'admin','查询字典组',3,'查询字典组接口'),(2051401468482560,'2024-12-20 11:53:29','2024-12-20 11:53:29',NULL,NULL,'admin','查询字典组',3,'查询字典组接口'),(2051401471595520,'2024-12-20 11:53:29','2024-12-20 11:53:29',NULL,NULL,'admin','查询字典组',3,'查询字典组接口'),(2051401473643520,'2024-12-20 11:53:29','2024-12-20 11:53:29',NULL,NULL,'admin','查询字典组',3,'查询字典组接口'),(2051401479033856,'2024-12-20 11:53:29','2024-12-20 11:53:29',NULL,NULL,'admin','查询字典组',3,'查询字典组接口'),(2051401482048512,'2024-12-20 11:53:29','2024-12-20 11:53:29',NULL,NULL,'admin','查询字典组',3,'查询字典组接口'),(2051401484080128,'2024-12-20 11:53:30','2024-12-20 11:53:30',NULL,NULL,'admin','查询字典组',3,'查询字典组接口'),(2051401487307776,'2024-12-20 11:53:30','2024-12-20 11:53:30',NULL,NULL,'admin','查询字典组',3,'查询字典组接口'),(2051401489306624,'2024-12-20 11:53:30','2024-12-20 11:53:30',NULL,NULL,'admin','查询字典组',3,'查询字典组接口'),(2051401492141056,'2024-12-20 11:53:30','2024-12-20 11:53:30',NULL,NULL,'admin','查询字典组',3,'查询字典组接口'),(2051401748878336,'2024-12-20 11:53:46','2024-12-20 11:53:46',NULL,NULL,'admin','查询字典组',3,'查询字典组接口'),(2051404716725248,'2024-12-20 11:56:47','2024-12-20 11:56:47',NULL,NULL,'admin','查询字典组',3,'查询字典组接口'),(2051404781114368,'2024-12-20 11:56:51','2024-12-20 11:56:51',NULL,NULL,'admin','查询字典组',3,'查询字典组接口'),(2051404817634304,'2024-12-20 11:56:53','2024-12-20 11:56:53',NULL,NULL,'admin','查询字典组',3,'查询字典组接口'),(2051404831233024,'2024-12-20 11:56:54','2024-12-20 11:56:54',NULL,NULL,'admin','查询字典组',3,'查询字典组接口'),(2051404841505792,'2024-12-20 11:56:55','2024-12-20 11:56:55',NULL,NULL,'admin','查询字典组',3,'查询字典组接口'),(2051509251691520,'2024-12-20 13:43:07','2024-12-20 13:43:07',NULL,NULL,'admin','查询字典组',3,'查询字典组接口'),(2051509917586432,'2024-12-20 13:43:48','2024-12-20 13:43:48',NULL,NULL,'admin','查询字典组',3,'查询字典组接口'),(2051509964968960,'2024-12-20 13:43:51','2024-12-20 13:43:51',NULL,NULL,'admin','查询字典组',3,'查询字典组接口'),(2051509996557312,'2024-12-20 13:43:53','2024-12-20 13:43:53',NULL,NULL,'admin','查询字典组',3,'查询字典组接口'),(2051510011139072,'2024-12-20 13:43:54','2024-12-20 13:43:54',NULL,NULL,'admin','查询字典组',3,'查询字典组接口'),(2051538190177280,'2024-12-20 14:12:33','2024-12-20 14:12:33',NULL,NULL,'admin','查询字典组',3,'查询字典组接口'),(2051655157273600,'2024-12-20 16:11:33','2024-12-20 16:11:33',NULL,NULL,'admin','查询字典组',3,'查询字典组接口'),(2051655325455360,'2024-12-20 16:11:43','2024-12-20 16:11:43',NULL,NULL,'admin','查询字典组',3,'查询字典组接口'),(2051707860620288,'2024-12-20 17:05:09','2024-12-20 17:05:09',NULL,NULL,'admin','查询字典组',3,'查询字典组接口'),(2051708806681600,'2024-12-20 17:06:07','2024-12-20 17:06:07',NULL,NULL,'admin','查询字典组',3,'查询字典组接口'),(2051708897563648,'2024-12-20 17:06:13','2024-12-20 17:06:13',NULL,NULL,'admin','查询字典组',3,'查询字典组接口'),(2051708946273280,'2024-12-20 17:06:16','2024-12-20 17:06:16',NULL,NULL,'admin','查询字典组',3,'查询字典组接口'),(2051708955300864,'2024-12-20 17:06:16','2024-12-20 17:06:16',NULL,NULL,'admin','查询字典组',3,'查询字典组接口'),(2051708986954752,'2024-12-20 17:06:18','2024-12-20 17:06:18',NULL,NULL,'admin','查询字典组',3,'查询字典组接口'),(2051733052642304,'2024-12-20 17:30:47','2024-12-20 17:30:47',NULL,NULL,'admin','查询字典组',3,'查询字典组接口'),(2051815967298560,'2024-12-20 18:55:08','2024-12-20 18:55:08',NULL,NULL,'admin','查询字典组',3,'查询字典组接口'),(2052089043883008,'2024-12-20 23:32:55','2024-12-20 23:32:55',NULL,NULL,'admin','查询字典组',3,'查询字典组接口'),(2052089081091072,'2024-12-20 23:32:57','2024-12-20 23:32:57',NULL,NULL,'admin','查询字典组',3,'查询字典组接口'),(2052106558510080,'2024-12-20 23:50:44','2024-12-20 23:50:44',NULL,NULL,'admin','查询字典组',3,'查询字典组接口'),(2053296904328192,'2024-12-21 20:01:37','2024-12-21 20:01:37',NULL,NULL,'admin','查询字典组',3,'查询字典组接口'),(2053304174597120,'2024-12-21 20:09:01','2024-12-21 20:09:01',NULL,NULL,'admin','查询字典组',3,'查询字典组接口'),(2053305585685504,'2024-12-21 20:10:27','2024-12-21 20:10:27',NULL,NULL,'admin','查询字典组',3,'查询字典组接口'),(2053305672946688,'2024-12-21 20:10:32','2024-12-21 20:10:32',NULL,NULL,'admin','查询字典组',3,'查询字典组接口'),(2053309198013440,'2024-12-21 20:14:07','2024-12-21 20:14:07',NULL,NULL,'admin','查询字典组',3,'查询字典组接口'),(2053323813426176,'2024-12-21 20:28:59','2024-12-21 20:28:59',NULL,NULL,'admin','查询字典组',3,'查询字典组接口'),(2053324962993152,'2024-12-21 20:30:09','2024-12-21 20:30:09',NULL,NULL,'admin','查询字典组',3,'查询字典组接口'),(2053340086162432,'2024-12-21 20:45:33','2024-12-21 20:45:33',NULL,NULL,'admin','查询字典组',3,'查询字典组接口'),(2053342414083072,'2024-12-21 20:47:55','2024-12-21 20:47:55',NULL,NULL,'admin','查询字典组',3,'查询字典组接口'),(2053344165581824,'2024-12-21 20:49:41','2024-12-21 20:49:41',NULL,NULL,'admin','查询字典组',3,'查询字典组接口'),(2053344734745600,'2024-12-21 20:50:16','2024-12-21 20:50:16',NULL,NULL,'user','查询字典组',3,'查询字典组接口'),(2053344807113728,'2024-12-21 20:50:21','2024-12-21 20:50:21',NULL,NULL,'user','查询字典组',3,'查询字典组接口'),(2053344869962752,'2024-12-21 20:50:24','2024-12-21 20:50:24',NULL,NULL,'user','查询字典组',3,'查询字典组接口'),(2053344890557440,'2024-12-21 20:50:26','2024-12-21 20:50:26',NULL,NULL,'user','查询字典组',3,'查询字典组接口'),(2053344908891136,'2024-12-21 20:50:27','2024-12-21 20:50:27',NULL,NULL,'user','查询字典组',3,'查询字典组接口'),(2053344942494720,'2024-12-21 20:50:29','2024-12-21 20:50:29',NULL,NULL,'user','查询字典组',3,'查询字典组接口'),(2053344959484928,'2024-12-21 20:50:30','2024-12-21 20:50:30',NULL,NULL,'user','查询字典组',3,'查询字典组接口'),(2053345528648704,'2024-12-21 20:51:05','2024-12-21 20:51:05',NULL,NULL,'admin','查询字典组',3,'查询字典组接口'),(2053345656427520,'2024-12-21 20:51:12','2024-12-21 20:51:12',NULL,NULL,'admin','查询字典组',3,'查询字典组接口'),(2054089004766208,'2024-12-22 09:27:23','2024-12-22 09:27:23',NULL,NULL,'admin','查询字典组',3,'查询字典组接口'),(2054089058849792,'2024-12-22 09:27:26','2024-12-22 09:27:26',NULL,NULL,'admin','查询字典组',3,'查询字典组接口'),(2055475390944256,'2024-12-23 08:57:41','2024-12-23 08:57:41',NULL,NULL,'admin','查询字典组',3,'查询字典组接口'),(2056953111434240,'2024-12-24 10:00:54','2024-12-24 10:00:54',NULL,NULL,'admin','查询字典组',3,'查询字典组接口'),(2056953144038400,'2024-12-24 10:00:56','2024-12-24 10:00:56',NULL,NULL,'admin','查询字典组',3,'查询字典组接口'),(2056962204193792,'2024-12-24 10:10:09','2024-12-24 10:10:09',NULL,NULL,'admin','查询字典组',3,'查询字典组接口'),(2056962308150272,'2024-12-24 10:10:15','2024-12-24 10:10:15',NULL,NULL,'admin','查询字典组',3,'查询字典组接口'),(2056962399966208,'2024-12-24 10:10:21','2024-12-24 10:10:21',NULL,NULL,'admin','查询字典组',3,'查询字典组接口'),(2068267857302528,'2025-01-01 09:50:51','2025-01-01 09:50:51',NULL,NULL,'admin','查询字典组',3,'查询字典组接口'),(2068270772147200,'2025-01-01 09:53:49','2025-01-01 09:53:49',NULL,NULL,'admin','查询字典组',3,'查询字典组接口'),(2068365669192704,'2025-01-01 11:30:21','2025-01-01 11:30:21',NULL,NULL,'admin','查询字典组',3,'查询字典组接口'),(2068366291194880,'2025-01-01 11:30:59','2025-01-01 11:30:59',NULL,NULL,'admin','查询字典组',3,'查询字典组接口'),(2068390057792512,'2025-01-01 11:55:10','2025-01-01 11:55:10',NULL,NULL,'admin','查询字典组',3,'查询字典组接口'),(2068439022834688,'2025-01-01 12:44:58','2025-01-01 12:44:58',NULL,NULL,'admin','查询字典组',3,'查询字典组接口'),(2068481016140800,'2025-01-01 13:27:42','2025-01-01 13:27:42',NULL,NULL,'admin','查询字典组',3,'查询字典组接口'),(2068481062360064,'2025-01-01 13:27:44','2025-01-01 13:27:44',NULL,NULL,'admin','查询字典组',3,'查询字典组接口'),(2068493136942080,'2025-01-01 13:40:01','2025-01-01 13:40:01',NULL,NULL,'admin','查询字典组',3,'查询字典组接口'),(2068702516794368,'2025-01-01 17:13:01','2025-01-01 17:13:01',NULL,NULL,'admin','查询字典组',3,'查询字典组接口'),(2068778822046720,'2025-01-01 18:30:38','2025-01-01 18:30:38',NULL,NULL,'admin','查询字典组',3,'查询字典组接口'),(2068856653124608,'2025-01-01 19:49:49','2025-01-01 19:49:49',NULL,NULL,'admin','查询字典组',3,'查询字典组接口'),(2068857120084992,'2025-01-01 19:50:17','2025-01-01 19:50:17',NULL,NULL,'admin','查询字典组',3,'查询字典组接口'),(2068860231996416,'2025-01-01 19:53:27','2025-01-01 19:53:27',NULL,NULL,'admin','查询字典组',3,'查询字典组接口'),(2068915139023872,'2025-01-01 20:49:18','2025-01-01 20:49:18',NULL,NULL,'admin','查询字典组',3,'查询字典组接口'),(2068915188421632,'2025-01-01 20:49:21','2025-01-01 20:49:21',NULL,NULL,'admin','查询字典组',3,'查询字典组接口'),(2068915227399168,'2025-01-01 20:49:24','2025-01-01 20:49:24',NULL,NULL,'admin','查询字典组',3,'查询字典组接口'),(2068920202466304,'2025-01-01 20:54:27','2025-01-01 20:54:27',NULL,NULL,'admin','查询字典组',3,'查询字典组接口'),(2068953817846784,'2025-01-01 21:28:39','2025-01-01 21:28:39',NULL,NULL,'admin','查询字典组',3,'查询字典组接口'),(2069001297875968,'2025-01-01 22:16:57','2025-01-01 22:16:57',NULL,NULL,'admin','查询字典组',3,'查询字典组接口'),(2069019913229312,'2025-01-01 22:35:53','2025-01-01 22:35:53',NULL,NULL,'admin','查询字典组',3,'查询字典组接口'),(2069028911453184,'2025-01-01 22:45:02','2025-01-01 22:45:02',NULL,NULL,'admin','查询字典组',3,'查询字典组接口'),(2069028938224640,'2025-01-01 22:45:04','2025-01-01 22:45:04',NULL,NULL,'admin','查询字典组',3,'查询字典组接口'),(2069028965209088,'2025-01-01 22:45:06','2025-01-01 22:45:06',NULL,NULL,'admin','查询字典组',3,'查询字典组接口'),(2069028965848064,'2025-01-01 22:45:06','2025-01-01 22:45:06',NULL,NULL,'admin','查询字典组',3,'查询字典组接口'),(2069029753394176,'2025-01-01 22:45:54','2025-01-01 22:45:54',NULL,NULL,'admin','查询字典组',3,'查询字典组接口'),(2069029834265600,'2025-01-01 22:45:59','2025-01-01 22:45:59',NULL,NULL,'admin','查询字典组',3,'查询字典组接口'),(2069029896852480,'2025-01-01 22:46:03','2025-01-01 22:46:03',NULL,NULL,'admin','查询字典组',3,'查询字典组接口'),(2069029966255104,'2025-01-01 22:46:07','2025-01-01 22:46:07',NULL,NULL,'admin','查询字典组',3,'查询字典组接口'),(2069029975610368,'2025-01-01 22:46:07','2025-01-01 22:46:07',NULL,NULL,'admin','查询字典组',3,'查询字典组接口'),(2069030002922496,'2025-01-01 22:46:09','2025-01-01 22:46:09',NULL,NULL,'admin','查询字典组',3,'查询字典组接口'),(2069032302138368,'2025-01-01 22:48:29','2025-01-01 22:48:29',NULL,NULL,'admin','查询字典组',3,'查询字典组接口'),(2069040089011200,'2025-01-01 22:56:25','2025-01-01 22:56:25',NULL,NULL,'admin','查询字典组',3,'查询字典组接口'),(2069076934628352,'2025-01-01 23:33:54','2025-01-01 23:33:54',NULL,NULL,'admin','查询字典组',3,'查询字典组接口'),(2069080195650560,'2025-01-01 23:37:13','2025-01-01 23:37:13',NULL,NULL,'admin','查询字典组',3,'查询字典组接口'),(2069080346235904,'2025-01-01 23:37:22','2025-01-01 23:37:22',NULL,NULL,'admin','查询字典组',3,'查询字典组接口'),(2069101592859648,'2025-01-01 23:58:59','2025-01-01 23:58:59',NULL,NULL,'admin','查询字典组',3,'查询字典组接口'),(2069133173838848,'2025-01-02 00:31:06','2025-01-02 00:31:06',NULL,NULL,'admin','查询字典组',3,'查询字典组接口'),(2069629437645824,'2025-01-02 08:55:56','2025-01-02 08:55:56',NULL,NULL,'admin','查询字典组',3,'查询字典组接口'),(2069637529015296,'2025-01-02 09:04:09','2025-01-02 09:04:09',NULL,NULL,'admin','查询字典组',3,'查询字典组接口'),(2069637622404096,'2025-01-02 09:04:15','2025-01-02 09:04:15',NULL,NULL,'admin','查询字典组',3,'查询字典组接口'),(2069637774300160,'2025-01-02 09:04:24','2025-01-02 09:04:24',NULL,NULL,'admin','查询字典组',3,'查询字典组接口'),(2069637799810048,'2025-01-02 09:04:26','2025-01-02 09:04:26',NULL,NULL,'admin','查询字典组',3,'查询字典组接口'),(2069637873521664,'2025-01-02 09:04:30','2025-01-02 09:04:30',NULL,NULL,'admin','查询字典组',3,'查询字典组接口'),(2069647463322624,'2025-01-02 09:14:16','2025-01-02 09:14:16',NULL,NULL,'admin','查询字典组',3,'查询字典组接口'),(2069647639548928,'2025-01-02 09:14:27','2025-01-02 09:14:27',NULL,NULL,'admin','查询字典组',3,'查询字典组接口'),(2069655525987328,'2025-01-02 09:22:28','2025-01-02 09:22:28',NULL,NULL,'admin','查询字典组',3,'查询字典组接口'),(2069669254812672,'2025-01-02 09:36:26','2025-01-02 09:36:26',NULL,NULL,'admin','查询字典组',3,'查询字典组接口'),(2069676870177792,'2025-01-02 09:44:11','2025-01-02 09:44:11',NULL,NULL,'admin','查询字典组',3,'查询字典组接口'),(2069688415065088,'2025-01-02 09:55:55','2025-01-02 09:55:55',NULL,NULL,'admin','查询字典组',3,'查询字典组接口'),(2069688758162432,'2025-01-02 09:56:16','2025-01-02 09:56:16',NULL,NULL,'admin','查询字典组',3,'查询字典组接口'),(2069720860218368,'2025-01-02 10:28:56','2025-01-02 10:28:56',NULL,NULL,'admin','查询字典组',3,'查询字典组接口'),(2069724878509056,'2025-01-02 10:33:01','2025-01-02 10:33:01',NULL,NULL,'admin','查询字典组',3,'查询字典组接口'),(2069735235949568,'2025-01-02 10:43:33','2025-01-02 10:43:33',NULL,NULL,'admin','查询字典组',3,'查询字典组接口'),(2069735839437824,'2025-01-02 10:44:10','2025-01-02 10:44:10',NULL,NULL,'admin','查询字典组',3,'查询字典组接口'),(2069742232343552,'2025-01-02 10:50:40','2025-01-02 10:50:40',NULL,NULL,'admin','查询字典组',3,'查询字典组接口'),(2069754568872960,'2025-01-02 11:03:13','2025-01-02 11:03:13',NULL,NULL,'admin','查询字典组',3,'查询字典组接口'),(2069754962842624,'2025-01-02 11:03:37','2025-01-02 11:03:37',NULL,NULL,'admin','查询字典组',3,'查询字典组接口'),(2069755009553408,'2025-01-02 11:03:40','2025-01-02 11:03:40',NULL,NULL,'admin','查询字典组',3,'查询字典组接口'),(2069768103629824,'2025-01-02 11:16:59','2025-01-02 11:16:59',NULL,NULL,'admin','查询字典组',3,'查询字典组接口'),(2069773641749504,'2025-01-02 11:22:37','2025-01-02 11:22:37',NULL,NULL,'admin','查询字典组',3,'查询字典组接口'),(2069778366518272,'2025-01-02 11:27:26','2025-01-02 11:27:26',NULL,NULL,'admin','查询字典组',3,'查询字典组接口'),(2069801168049152,'2025-01-02 11:50:37','2025-01-02 11:50:37',NULL,NULL,'admin','查询字典组',3,'查询字典组接口'),(2069805883823104,'2025-01-02 11:55:25','2025-01-02 11:55:25',NULL,NULL,'admin','查询字典组',3,'查询字典组接口'),(2069916822836224,'2025-01-02 13:48:16','2025-01-02 13:48:16',NULL,NULL,'admin','查询字典组',3,'查询字典组接口'),(2069934696190976,'2025-01-02 14:06:27','2025-01-02 14:06:27',NULL,NULL,'admin','查询字典组',3,'查询字典组接口'),(2069934862537728,'2025-01-02 14:06:37','2025-01-02 14:06:37',NULL,NULL,'admin','查询字典组',3,'查询字典组接口'),(2070043020137472,'2025-01-02 15:56:39','2025-01-02 15:56:39',NULL,NULL,'user','查询字典组',3,'查询字典组接口'),(2070058842149888,'2025-01-02 16:12:44','2025-01-02 16:12:44',NULL,NULL,'admin','查询字典组',3,'查询字典组接口'),(2070059133785088,'2025-01-02 16:13:02','2025-01-02 16:13:02',NULL,NULL,'admin','查询字典组',3,'查询字典组接口'),(2070059276964864,'2025-01-02 16:13:11','2025-01-02 16:13:11',NULL,NULL,'admin','查询字典组',3,'查询字典组接口'),(2070059302573056,'2025-01-02 16:13:12','2025-01-02 16:13:12',NULL,NULL,'admin','查询字典组',3,'查询字典组接口'),(2070073938105344,'2025-01-02 16:28:06','2025-01-02 16:28:06',NULL,NULL,'admin','查询字典组',3,'查询字典组接口'),(2070078814311424,'2025-01-02 16:33:03','2025-01-02 16:33:03',NULL,NULL,'admin','查询字典组',3,'查询字典组接口'),(2070079025042432,'2025-01-02 16:33:16','2025-01-02 16:33:16',NULL,NULL,'admin','查询字典组',3,'查询字典组接口'),(2070088793920512,'2025-01-02 16:43:12','2025-01-02 16:43:12',NULL,NULL,'admin','查询字典组',3,'查询字典组接口'),(2070088856572928,'2025-01-02 16:43:16','2025-01-02 16:43:16',NULL,NULL,'admin','查询字典组',3,'查询字典组接口'),(2070120634668032,'2025-01-02 17:15:36','2025-01-02 17:15:36',NULL,NULL,'admin','查询字典组',3,'查询字典组接口'),(2070169073914880,'2025-01-02 18:04:52','2025-01-02 18:04:52',NULL,NULL,'admin','查询字典组',3,'查询字典组接口'),(2071118377309184,'2025-01-03 10:10:33','2025-01-03 10:10:33',NULL,NULL,'admin','查询字典组',3,'查询字典组接口'),(2071336165118976,'2025-01-03 13:52:06','2025-01-03 13:52:06',NULL,NULL,'admin','查询字典组',3,'查询字典组接口'),(2071340986913792,'2025-01-03 13:57:00','2025-01-03 13:57:00',NULL,NULL,'admin','查询字典组',3,'查询字典组接口'),(2071524131804160,'2025-01-03 17:03:19','2025-01-03 17:03:19',NULL,NULL,'admin','查询字典组',3,'查询字典组接口'),(2073308705592320,'2025-01-04 23:18:40','2025-01-04 23:18:40',NULL,NULL,'admin','查询字典组',3,'查询字典组接口'),(2087033960748032,'2025-01-14 16:00:43','2025-01-14 16:00:43',NULL,NULL,'admin','查询字典组',3,'查询字典组接口'),(2087034176984064,'2025-01-14 16:00:57','2025-01-14 16:00:57',NULL,NULL,'admin','查询字典组',3,'查询字典组接口'),(2087040494425088,'2025-01-14 16:07:22','2025-01-14 16:07:22',NULL,NULL,'admin','查询字典组',3,'查询字典组接口'),(2089826980303872,'2025-01-16 15:21:56','2025-01-16 15:21:56',NULL,NULL,'admin','查询字典组',3,'查询字典组接口'),(2095605698319360,'2025-01-20 17:20:21','2025-01-20 17:20:21',NULL,NULL,'admin','查询字典组',3,'查询字典组接口'),(2099696858059776,'2025-01-23 14:42:05','2025-01-23 14:42:05',NULL,NULL,'admin','查询字典组',3,'查询字典组接口'),(2190360875914240,'2025-03-28 15:50:18','2025-03-28 15:50:18',NULL,NULL,'admin','查询字典组',3,'查询字典组接口'),(2190360931914752,'2025-03-28 15:50:21','2025-03-28 15:50:21',NULL,NULL,'admin','查询字典组',3,'查询字典组接口'),(2190361003021312,'2025-03-28 15:50:26','2025-03-28 15:50:26',NULL,NULL,'admin','查询字典组',3,'查询字典组接口'),(2190361211147264,'2025-03-28 15:50:38','2025-03-28 15:50:38',NULL,NULL,'admin','查询字典组',3,'查询字典组接口'),(2190361242964992,'2025-03-28 15:50:40','2025-03-28 15:50:40',NULL,NULL,'admin','查询字典组',3,'查询字典组接口'),(2190361311138816,'2025-03-28 15:50:44','2025-03-28 15:50:44',NULL,NULL,'admin','查询字典组',3,'查询字典组接口'),(2190361350591488,'2025-03-28 15:50:47','2025-03-28 15:50:47',NULL,NULL,'admin','查询字典组',3,'查询字典组接口'),(2190366573433856,'2025-03-28 15:56:06','2025-03-28 15:56:06',NULL,NULL,'admin','查询字典组',3,'查询字典组接口'),(2190367350592512,'2025-03-28 15:56:53','2025-03-28 15:56:53',NULL,NULL,'admin','查询字典组',3,'查询字典组接口'),(2190367772218368,'2025-03-28 15:57:19','2025-03-28 15:57:19',NULL,NULL,'admin','查询字典组',3,'查询字典组接口'),(2190367831626752,'2025-03-28 15:57:22','2025-03-28 15:57:22',NULL,NULL,'admin','查询字典组',3,'查询字典组接口'),(2190371104052224,'2025-03-28 16:00:42','2025-03-28 16:00:42',NULL,NULL,'admin','查询字典组',3,'查询字典组接口'),(2190371150124032,'2025-03-28 16:00:45','2025-03-28 16:00:45',NULL,NULL,'admin','查询字典组',3,'查询字典组接口'),(2190371176666112,'2025-03-28 16:00:47','2025-03-28 16:00:47',NULL,NULL,'admin','查询字典组',3,'查询字典组接口'),(2192108853990400,'2025-03-29 21:28:26','2025-03-29 21:28:26',NULL,NULL,'admin','查询字典组',3,'查询字典组接口'),(2194466474497024,'2025-03-31 13:26:44','2025-03-31 13:26:44',NULL,NULL,'admin','查询字典组',3,'查询字典组接口'),(2195724710482944,'2025-04-01 10:46:40','2025-04-01 10:46:40',NULL,NULL,'admin','查询字典组',3,'查询字典组接口'),(2195724742988800,'2025-04-01 10:46:42','2025-04-01 10:46:42',NULL,NULL,'admin','查询字典组',3,'查询字典组接口'),(2195724825826304,'2025-04-01 10:46:47','2025-04-01 10:46:47',NULL,NULL,'admin','查询字典组',3,'查询字典组接口'),(2196220413285376,'2025-04-01 19:10:56','2025-04-01 19:10:56',NULL,NULL,'admin','查询字典组',3,'查询字典组接口'),(2197129782416384,'2025-04-02 10:35:59','2025-04-02 10:35:59',NULL,NULL,'admin','查询字典组',3,'查询字典组接口'),(2197130715943936,'2025-04-02 10:36:56','2025-04-02 10:36:56',NULL,NULL,'admin','查询字典组',3,'查询字典组接口'),(2197653276759040,'2025-04-02 19:28:31','2025-04-02 19:28:31',NULL,NULL,'admin','查询字典组',3,'查询字典组接口'),(2200484425159680,'2025-04-04 19:28:30','2025-04-04 19:28:30',NULL,NULL,'admin','查询字典组',3,'查询字典组接口'),(2200504684401664,'2025-04-04 19:49:07','2025-04-04 19:49:07',NULL,NULL,'admin','查询字典组',3,'查询字典组接口'),(2200506104976384,'2025-04-04 19:50:33','2025-04-04 19:50:33',NULL,NULL,'admin','查询字典组',3,'查询字典组接口'),(2200515474068480,'2025-04-04 20:00:05','2025-04-04 20:00:05',NULL,NULL,'admin','查询字典组',3,'查询字典组接口'),(2200550840865792,'2025-04-04 20:36:04','2025-04-04 20:36:04',NULL,NULL,'admin','查询字典组',3,'查询字典组接口'),(2200553650476032,'2025-04-04 20:38:55','2025-04-04 20:38:55',NULL,NULL,'admin','查询字典组',3,'查询字典组接口');
/*!40000 ALTER TABLE `sys_operation_log` ENABLE KEYS */;
UNLOCK TABLES;

--
-- Table structure for table `sys_post`
--

DROP TABLE IF EXISTS `sys_post`;
/*!40101 SET @saved_cs_client     = @@character_set_client */;
/*!50503 SET character_set_client = utf8mb4 */;
CREATE TABLE `sys_post` (
  `id` bigint unsigned NOT NULL COMMENT 'ID',
  `create_time` datetime NOT NULL DEFAULT CURRENT_TIMESTAMP COMMENT '创建时间',
  `update_time` datetime NOT NULL DEFAULT CURRENT_TIMESTAMP ON UPDATE CURRENT_TIMESTAMP COMMENT '更新时间',
  `create_user` bigint unsigned DEFAULT NULL COMMENT '创建人',
  `update_user` bigint unsigned DEFAULT NULL COMMENT '更新人',
  `code` varchar(100) CHARACTER SET utf8mb4 COLLATE utf8mb4_general_ci DEFAULT NULL COMMENT '编码',
  `name` varchar(100) CHARACTER SET utf8mb4 COLLATE utf8mb4_0900_ai_ci NOT NULL COMMENT '名称',
  `pk_biz_unit` bigint unsigned DEFAULT NULL COMMENT '业务单元ID',
  `pk_dept` bigint unsigned DEFAULT NULL COMMENT '部门ID',
  `enabled` tinyint DEFAULT '0' COMMENT '是否启用（0 否 1 是）',
  `deleted` tinyint DEFAULT '0' COMMENT '是否删除（0 否 1 是）',
  PRIMARY KEY (`id`)
) ENGINE=InnoDB DEFAULT CHARSET=utf8mb4 COLLATE=utf8mb4_general_ci COMMENT='岗位管理';
/*!40101 SET character_set_client = @saved_cs_client */;

--
-- Dumping data for table `sys_post`
--

LOCK TABLES `sys_post` WRITE;
/*!40000 ALTER TABLE `sys_post` DISABLE KEYS */;
INSERT INTO `sys_post` VALUES (2037534878733312,'2024-12-10 16:47:39','2024-12-10 16:47:39',NULL,NULL,'23','123',2037219622474752,2037472197088256,1,0),(2037554398041088,'2024-12-10 17:07:31','2024-12-10 17:07:31',NULL,NULL,'32','123123',2037219622474752,2037472197088256,1,0),(2037559345632256,'2024-12-10 17:12:33','2024-12-10 17:14:53',NULL,NULL,'2221111','12323123',2037219622474752,2037472197088256,1,0),(2037577931199488,'2024-12-10 17:31:27','2024-12-10 17:31:27',NULL,NULL,'123','123',2037219622474752,2037472197088256,1,0),(2037580161864704,'2024-12-10 17:33:43','2024-12-10 17:33:43',NULL,NULL,'123','12',2037219622474752,2037472197088256,1,0);
/*!40000 ALTER TABLE `sys_post` ENABLE KEYS */;
UNLOCK TABLES;

--
-- Table structure for table `sys_psn`
--

DROP TABLE IF EXISTS `sys_psn`;
/*!40101 SET @saved_cs_client     = @@character_set_client */;
/*!50503 SET character_set_client = utf8mb4 */;
CREATE TABLE `sys_psn` (
  `id` bigint unsigned NOT NULL COMMENT 'ID',
  `create_time` datetime NOT NULL DEFAULT CURRENT_TIMESTAMP COMMENT '创建时间',
  `update_time` datetime NOT NULL DEFAULT CURRENT_TIMESTAMP ON UPDATE CURRENT_TIMESTAMP COMMENT '更新时间',
  `create_user` bigint unsigned DEFAULT NULL COMMENT '创建人',
  `update_user` bigint unsigned DEFAULT NULL COMMENT '更新人',
  `pk_biz_unit` bigint DEFAULT NULL COMMENT '业务单元PK',
  `code` varchar(100) CHARACTER SET utf8mb4 COLLATE utf8mb4_general_ci NOT NULL COMMENT '人员编码',
  `name` varchar(100) CHARACTER SET utf8mb4 COLLATE utf8mb4_general_ci NOT NULL COMMENT '人员名称',
  `nickname` varchar(100) CHARACTER SET utf8mb4 COLLATE utf8mb4_general_ci DEFAULT NULL COMMENT '人员昵称',
  `gender` bigint DEFAULT NULL COMMENT '性别',
  `birth` varchar(100) CHARACTER SET utf8mb4 COLLATE utf8mb4_general_ci DEFAULT NULL COMMENT '出生日期',
  `id_type` bigint DEFAULT NULL COMMENT '证件类型',
  `id_no` varchar(100) CHARACTER SET utf8mb4 COLLATE utf8mb4_general_ci DEFAULT NULL COMMENT '证件号码',
  `hire_date` varchar(100) CHARACTER SET utf8mb4 COLLATE utf8mb4_general_ci DEFAULT NULL COMMENT '参加工作日期',
  `home_address` varchar(100) CHARACTER SET utf8mb4 COLLATE utf8mb4_general_ci DEFAULT NULL COMMENT '家庭住址',
  `home_tel` varchar(100) CHARACTER SET utf8mb4 COLLATE utf8mb4_general_ci DEFAULT NULL COMMENT '家庭电话',
  `contact_tel` varchar(100) CHARACTER SET utf8mb4 COLLATE utf8mb4_general_ci DEFAULT NULL COMMENT '联系电话',
  `email` varchar(100) CHARACTER SET utf8mb4 COLLATE utf8mb4_general_ci DEFAULT NULL COMMENT '邮箱',
  `mobile_phone` varchar(100) CHARACTER SET utf8mb4 COLLATE utf8mb4_general_ci DEFAULT NULL COMMENT '手机号',
  `enabled` tinyint DEFAULT '0' COMMENT '是否启用（0 否 1 是）',
  `deleted` tinyint DEFAULT '0' COMMENT '是否删除（0 否 1 是）',
  PRIMARY KEY (`id`)
) ENGINE=InnoDB DEFAULT CHARSET=utf8mb4 COLLATE=utf8mb4_general_ci COMMENT='人员管理';
/*!40101 SET character_set_client = @saved_cs_client */;

--
-- Dumping data for table `sys_psn`
--

LOCK TABLES `sys_psn` WRITE;
/*!40000 ALTER TABLE `sys_psn` DISABLE KEYS */;
INSERT INTO `sys_psn` VALUES (2040048886961152,'2024-12-12 11:25:02','2024-12-12 11:25:02',NULL,NULL,NULL,'11','23','12',2023522276267008,NULL,NULL,NULL,NULL,NULL,NULL,NULL,NULL,NULL,0,0),(2041635661648896,'2024-12-13 14:19:11','2024-12-13 14:19:11',NULL,NULL,2037219622474752,'1123','123','12',2023522276267008,NULL,NULL,NULL,NULL,NULL,NULL,NULL,NULL,NULL,0,0),(2041639128568832,'2024-12-13 14:22:43','2024-12-13 14:22:43',NULL,NULL,2037219622474752,'231','23','11',2023522276267008,NULL,NULL,NULL,NULL,NULL,NULL,NULL,NULL,NULL,0,0),(2041729514640384,'2024-12-13 15:54:39','2024-12-13 15:54:39',NULL,NULL,2037219622474752,'23','123','23',2025967060603904,NULL,NULL,NULL,NULL,NULL,NULL,NULL,NULL,NULL,0,0);
/*!40000 ALTER TABLE `sys_psn` ENABLE KEYS */;
UNLOCK TABLES;

--
-- Table structure for table `sys_psn_work_info`
--

DROP TABLE IF EXISTS `sys_psn_work_info`;
/*!40101 SET @saved_cs_client     = @@character_set_client */;
/*!50503 SET character_set_client = utf8mb4 */;
CREATE TABLE `sys_psn_work_info` (
  `pk_psn` bigint NOT NULL COMMENT '人员PK',
  `pk_biz_unit` bigint NOT NULL COMMENT '业务单元PK',
  `pk_dept` bigint NOT NULL COMMENT '所在部门',
  `pk_post` bigint DEFAULT NULL COMMENT '岗位',
  `code` varchar(100) CHARACTER SET utf8mb4 COLLATE utf8mb4_general_ci NOT NULL COMMENT '人员编码',
  `type` varchar(100) CHARACTER SET utf8mb4 COLLATE utf8mb4_general_ci NOT NULL COMMENT '人员类别',
  `major` bit(1) NOT NULL COMMENT '是否主职',
  `start` varchar(100) CHARACTER SET utf8mb4 COLLATE utf8mb4_general_ci NOT NULL COMMENT '任职开始日期',
  `end` varchar(100) CHARACTER SET utf8mb4 COLLATE utf8mb4_general_ci DEFAULT NULL COMMENT '任职结束日期',
  `position` varchar(100) CHARACTER SET utf8mb4 COLLATE utf8mb4_general_ci DEFAULT NULL COMMENT '职务',
  PRIMARY KEY (`pk_psn`,`pk_biz_unit`,`code`,`pk_dept`,`major`,`type`,`start`)
) ENGINE=InnoDB DEFAULT CHARSET=utf8mb4 COLLATE=utf8mb4_general_ci COMMENT='人员工作信息';
/*!40101 SET character_set_client = @saved_cs_client */;

--
-- Dumping data for table `sys_psn_work_info`
--

LOCK TABLES `sys_psn_work_info` WRITE;
/*!40000 ALTER TABLE `sys_psn_work_info` DISABLE KEYS */;
INSERT INTO `sys_psn_work_info` VALUES (2041635661648896,2037219622474752,2041704594527232,NULL,'12','222',_binary '\0','2024-12-11',NULL,''),(2041635661648896,2037219622474752,2037472197088256,NULL,'123','123',_binary '','2024-12-03','2024-12-03','23'),(2041639128568832,2037219622474752,2037472197088256,NULL,'23','23',_binary '\0','2024-12-31','2024-12-26',''),(2041729514640384,2037219622474752,2041704594527232,NULL,'123','123',_binary '','2024-12-04',NULL,'');
/*!40000 ALTER TABLE `sys_psn_work_info` ENABLE KEYS */;
UNLOCK TABLES;

--
-- Table structure for table `sys_role`
--

DROP TABLE IF EXISTS `sys_role`;
/*!40101 SET @saved_cs_client     = @@character_set_client */;
/*!50503 SET character_set_client = utf8mb4 */;
CREATE TABLE `sys_role` (
  `id` bigint unsigned NOT NULL COMMENT 'ID',
  `create_time` datetime NOT NULL DEFAULT CURRENT_TIMESTAMP COMMENT '创建时间',
  `update_time` datetime NOT NULL DEFAULT CURRENT_TIMESTAMP ON UPDATE CURRENT_TIMESTAMP COMMENT '更新时间',
  `create_user` bigint unsigned DEFAULT NULL COMMENT '创建人',
  `update_user` bigint unsigned DEFAULT NULL COMMENT '更新人',
  `name` varchar(100) CHARACTER SET utf8mb4 COLLATE utf8mb4_0900_ai_ci NOT NULL COMMENT '角色名称',
  `description` varchar(100) CHARACTER SET utf8mb4 COLLATE utf8mb4_0900_ai_ci NOT NULL COMMENT '描述',
  `enabled` tinyint DEFAULT '0' COMMENT '是否启用（0 否 1 是）',
  `deleted` tinyint DEFAULT '0' COMMENT '是否删除（0 否 1 是）',
  PRIMARY KEY (`id`)
) ENGINE=InnoDB DEFAULT CHARSET=utf8mb4 COLLATE=utf8mb4_general_ci COMMENT='角色管理';
/*!40101 SET character_set_client = @saved_cs_client */;

--
-- Dumping data for table `sys_role`
--

LOCK TABLES `sys_role` WRITE;
/*!40000 ALTER TABLE `sys_role` DISABLE KEYS */;
INSERT INTO `sys_role` VALUES (10022010020122,'2024-09-03 08:46:34','2024-12-03 11:02:05',NULL,NULL,'administrator','管理员',1,0),(10022010020123,'2024-09-03 08:46:35','2025-03-25 14:21:31',NULL,NULL,'operator','操作员',1,0);
/*!40000 ALTER TABLE `sys_role` ENABLE KEYS */;
UNLOCK TABLES;

--
-- Table structure for table `sys_role_api_rel`
--

DROP TABLE IF EXISTS `sys_role_api_rel`;
/*!40101 SET @saved_cs_client     = @@character_set_client */;
/*!50503 SET character_set_client = utf8mb4 */;
CREATE TABLE `sys_role_api_rel` (
  `create_time` datetime NOT NULL DEFAULT CURRENT_TIMESTAMP COMMENT '创建时间',
  `update_time` datetime NOT NULL DEFAULT CURRENT_TIMESTAMP ON UPDATE CURRENT_TIMESTAMP COMMENT '更新时间',
  `create_user` bigint unsigned DEFAULT NULL COMMENT '创建人',
  `update_user` bigint unsigned DEFAULT NULL COMMENT '更新人',
  `pk_role` bigint unsigned NOT NULL COMMENT '角色id',
  `pk_api` bigint unsigned NOT NULL COMMENT 'APIid',
  PRIMARY KEY (`pk_role`,`pk_api`)
) ENGINE=InnoDB DEFAULT CHARSET=utf8mb4 COLLATE=utf8mb4_general_ci COMMENT='角色API关联表';
/*!40101 SET character_set_client = @saved_cs_client */;

--
-- Dumping data for table `sys_role_api_rel`
--

LOCK TABLES `sys_role_api_rel` WRITE;
/*!40000 ALTER TABLE `sys_role_api_rel` DISABLE KEYS */;
INSERT INTO `sys_role_api_rel` VALUES ('2025-03-24 16:39:04','2025-03-24 16:39:04',NULL,NULL,10022010020122,1),('2025-03-24 16:39:04','2025-03-24 16:39:04',NULL,NULL,10022010020122,2),('2025-03-24 16:39:04','2025-03-24 16:39:04',NULL,NULL,10022010020122,3),('2025-03-24 16:39:04','2025-03-24 16:39:04',NULL,NULL,10022010020122,4),('2025-03-24 16:39:04','2025-03-24 16:39:04',NULL,NULL,10022010020122,5),('2025-03-24 16:39:04','2025-03-24 16:39:04',NULL,NULL,10022010020122,6),('2025-03-24 16:39:04','2025-03-24 16:39:04',NULL,NULL,10022010020122,7),('2025-03-24 16:39:04','2025-03-24 16:39:04',NULL,NULL,10022010020122,2019056989787136),('2025-03-24 16:39:04','2025-03-24 16:39:04',NULL,NULL,10022010020122,2019067968099328),('2025-03-24 16:39:04','2025-03-24 16:39:04',NULL,NULL,10022010020122,2019076986131456),('2025-03-24 16:39:04','2025-03-24 16:39:04',NULL,NULL,10022010020122,2020274677158912),('2025-03-24 16:39:04','2025-03-24 16:39:04',NULL,NULL,10022010020122,2020274677158913),('2025-03-24 16:39:04','2025-03-24 16:39:04',NULL,NULL,10022010020122,2020274677158914),('2025-03-24 16:39:04','2025-03-24 16:39:04',NULL,NULL,10022010020122,2026168743891968),('2025-03-24 16:39:04','2025-03-24 16:39:04',NULL,NULL,10022010020122,2026218148172800),('2025-03-24 16:39:04','2025-03-24 16:39:04',NULL,NULL,10022010020122,2026255518471168),('2025-03-24 16:39:04','2025-03-24 16:39:04',NULL,NULL,10022010020122,2027552752751616),('2025-03-24 16:39:04','2025-03-24 16:39:04',NULL,NULL,10022010020122,2027553046418432),('2025-03-24 16:39:04','2025-03-24 16:39:04',NULL,NULL,10022010020122,2027553405277184),('2025-03-24 16:39:04','2025-03-24 16:39:04',NULL,NULL,10022010020122,2027553781109760),('2025-03-24 16:39:04','2025-03-24 16:39:04',NULL,NULL,10022010020122,2027554074907648),('2025-03-24 16:39:04','2025-03-24 16:39:04',NULL,NULL,10022010020122,2037206007174144),('2025-03-24 16:39:04','2025-03-24 16:39:04',NULL,NULL,10022010020122,2037206321517568),('2025-03-24 16:39:04','2025-03-24 16:39:04',NULL,NULL,10022010020122,2037206622245888),('2025-03-24 16:39:04','2025-03-24 16:39:04',NULL,NULL,10022010020122,2037206942290944),('2025-03-24 16:39:04','2025-03-24 16:39:04',NULL,NULL,10022010020122,2037207207220224),('2025-03-24 16:39:04','2025-03-24 16:39:04',NULL,NULL,10022010020122,2037414996235264),('2025-03-24 16:39:04','2025-03-24 16:39:04',NULL,NULL,10022010020122,2037415387010048),('2025-03-24 16:39:04','2025-03-24 16:39:04',NULL,NULL,10022010020122,2037415666488320),('2025-03-24 16:39:04','2025-03-24 16:39:04',NULL,NULL,10022010020122,2037415937954816),('2025-03-24 16:39:04','2025-03-24 16:39:04',NULL,NULL,10022010020122,2037416163365888),('2025-03-24 16:39:04','2025-03-24 16:39:04',NULL,NULL,10022010020122,2037497596564480),('2025-03-24 16:39:04','2025-03-24 16:39:04',NULL,NULL,10022010020122,2037497907303424),('2025-03-24 16:39:04','2025-03-24 16:39:04',NULL,NULL,10022010020122,2037498186765312),('2025-03-24 16:39:04','2025-03-24 16:39:04',NULL,NULL,10022010020122,2037498507465728),('2025-03-24 16:39:04','2025-03-24 16:39:04',NULL,NULL,10022010020122,2037498709529600),('2025-03-24 16:39:04','2025-03-24 16:39:04',NULL,NULL,10022010020122,2038859956704256),('2025-03-24 16:39:04','2025-03-24 16:39:04',NULL,NULL,10022010020122,2038860278518784),('2025-03-24 16:39:04','2025-03-24 16:39:04',NULL,NULL,10022010020122,2038860587783168),('2025-03-24 16:39:04','2025-03-24 16:39:04',NULL,NULL,10022010020122,2038860834444288),('2025-03-24 16:39:04','2025-03-24 16:39:04',NULL,NULL,10022010020122,2038861108155392),('2025-03-24 16:39:04','2025-03-24 16:39:04',NULL,NULL,10022010020122,2051328459854848),('2025-03-24 16:39:04','2025-03-24 16:39:04',NULL,NULL,10022010020122,2051329000821760),('2025-03-24 16:39:04','2025-03-24 16:39:04',NULL,NULL,10022010020122,2051380637881344),('2025-03-24 16:39:04','2025-03-24 16:39:04',NULL,NULL,10022010020122,2087006578856960),('2025-03-24 16:39:04','2025-03-24 16:39:04',NULL,NULL,10022010020122,2087009920619520),('2025-03-24 16:39:04','2025-03-24 16:39:04',NULL,NULL,10022010020122,2087010246906880),('2025-03-24 16:39:04','2025-03-24 16:39:04',NULL,NULL,10022010020122,2087010445071360),('2025-03-24 16:39:04','2025-03-24 16:39:04',NULL,NULL,10022010020122,2087010666238976),('2025-03-24 16:39:04','2025-03-24 16:39:04',NULL,NULL,10022010020122,2087010970637312),('2025-03-24 16:39:04','2025-03-24 16:39:04',NULL,NULL,10022010020122,2087011320452096),('2025-03-24 16:39:04','2025-03-24 16:39:04',NULL,NULL,10022010020122,2087011531101184),('2025-03-24 16:39:04','2025-03-24 16:39:04',NULL,NULL,10022010020122,2087011731870720),('2025-03-24 16:39:04','2025-03-24 16:39:04',NULL,NULL,10022010020122,2087011946386432),('2025-03-24 16:39:04','2025-03-24 16:39:04',NULL,NULL,10022010020122,2087066698732544),('2025-03-24 16:39:04','2025-03-24 16:39:04',NULL,NULL,10022010020122,2177519792247808),('2025-03-25 14:21:31','2025-03-25 14:21:31',NULL,NULL,10022010020123,1),('2025-03-25 14:21:31','2025-03-25 14:21:31',NULL,NULL,10022010020123,2),('2025-03-25 14:21:31','2025-03-25 14:21:31',NULL,NULL,10022010020123,3),('2025-03-25 14:21:31','2025-03-25 14:21:31',NULL,NULL,10022010020123,4),('2025-03-25 14:21:31','2025-03-25 14:21:31',NULL,NULL,10022010020123,5),('2025-03-25 14:21:31','2025-03-25 14:21:31',NULL,NULL,10022010020123,6),('2025-03-25 14:21:31','2025-03-25 14:21:31',NULL,NULL,10022010020123,7),('2025-03-25 14:21:31','2025-03-25 14:21:31',NULL,NULL,10022010020123,2019056989787136),('2025-03-25 14:21:31','2025-03-25 14:21:31',NULL,NULL,10022010020123,2019067968099328),('2025-03-25 14:21:31','2025-03-25 14:21:31',NULL,NULL,10022010020123,2019076986131456),('2025-03-25 14:21:31','2025-03-25 14:21:31',NULL,NULL,10022010020123,2020274677158912),('2025-03-25 14:21:31','2025-03-25 14:21:31',NULL,NULL,10022010020123,2020274677158913),('2025-03-25 14:21:31','2025-03-25 14:21:31',NULL,NULL,10022010020123,2020274677158914),('2025-03-25 14:21:31','2025-03-25 14:21:31',NULL,NULL,10022010020123,2026168743891968),('2025-03-25 14:21:31','2025-03-25 14:21:31',NULL,NULL,10022010020123,2026218148172800),('2025-03-25 14:21:31','2025-03-25 14:21:31',NULL,NULL,10022010020123,2026255518471168),('2025-03-25 14:21:31','2025-03-25 14:21:31',NULL,NULL,10022010020123,2027552752751616),('2025-03-25 14:21:31','2025-03-25 14:21:31',NULL,NULL,10022010020123,2027553046418432),('2025-03-25 14:21:31','2025-03-25 14:21:31',NULL,NULL,10022010020123,2027553405277184),('2025-03-25 14:21:31','2025-03-25 14:21:31',NULL,NULL,10022010020123,2027553781109760),('2025-03-25 14:21:31','2025-03-25 14:21:31',NULL,NULL,10022010020123,2027554074907648),('2025-03-25 14:21:31','2025-03-25 14:21:31',NULL,NULL,10022010020123,2037206007174144),('2025-03-25 14:21:31','2025-03-25 14:21:31',NULL,NULL,10022010020123,2037206321517568),('2025-03-25 14:21:31','2025-03-25 14:21:31',NULL,NULL,10022010020123,2037206622245888),('2025-03-25 14:21:31','2025-03-25 14:21:31',NULL,NULL,10022010020123,2037206942290944),('2025-03-25 14:21:31','2025-03-25 14:21:31',NULL,NULL,10022010020123,2037207207220224),('2025-03-25 14:21:31','2025-03-25 14:21:31',NULL,NULL,10022010020123,2037414996235264),('2025-03-25 14:21:31','2025-03-25 14:21:31',NULL,NULL,10022010020123,2037415387010048),('2025-03-25 14:21:31','2025-03-25 14:21:31',NULL,NULL,10022010020123,2037415666488320),('2025-03-25 14:21:31','2025-03-25 14:21:31',NULL,NULL,10022010020123,2037415937954816),('2025-03-25 14:21:31','2025-03-25 14:21:31',NULL,NULL,10022010020123,2037416163365888),('2025-03-25 14:21:31','2025-03-25 14:21:31',NULL,NULL,10022010020123,2037497596564480),('2025-03-25 14:21:31','2025-03-25 14:21:31',NULL,NULL,10022010020123,2037497907303424),('2025-03-25 14:21:31','2025-03-25 14:21:31',NULL,NULL,10022010020123,2037498186765312),('2025-03-25 14:21:31','2025-03-25 14:21:31',NULL,NULL,10022010020123,2037498507465728),('2025-03-25 14:21:31','2025-03-25 14:21:31',NULL,NULL,10022010020123,2037498709529600),('2025-03-25 14:21:31','2025-03-25 14:21:31',NULL,NULL,10022010020123,2038859956704256),('2025-03-25 14:21:31','2025-03-25 14:21:31',NULL,NULL,10022010020123,2038860278518784),('2025-03-25 14:21:31','2025-03-25 14:21:31',NULL,NULL,10022010020123,2038860587783168),('2025-03-25 14:21:31','2025-03-25 14:21:31',NULL,NULL,10022010020123,2038860834444288),('2025-03-25 14:21:31','2025-03-25 14:21:31',NULL,NULL,10022010020123,2038861108155392),('2025-03-25 14:21:31','2025-03-25 14:21:31',NULL,NULL,10022010020123,2051328459854848),('2025-03-25 14:21:31','2025-03-25 14:21:31',NULL,NULL,10022010020123,2051329000821760),('2025-03-25 14:21:31','2025-03-25 14:21:31',NULL,NULL,10022010020123,2051380637881344),('2025-03-25 14:21:31','2025-03-25 14:21:31',NULL,NULL,10022010020123,2087006578856960),('2025-03-25 14:21:31','2025-03-25 14:21:31',NULL,NULL,10022010020123,2087009920619520),('2025-03-25 14:21:31','2025-03-25 14:21:31',NULL,NULL,10022010020123,2087010246906880),('2025-03-25 14:21:31','2025-03-25 14:21:31',NULL,NULL,10022010020123,2087010445071360),('2025-03-25 14:21:31','2025-03-25 14:21:31',NULL,NULL,10022010020123,2087010666238976),('2025-03-25 14:21:31','2025-03-25 14:21:31',NULL,NULL,10022010020123,2087010970637312),('2025-03-25 14:21:31','2025-03-25 14:21:31',NULL,NULL,10022010020123,2087011320452096),('2025-03-25 14:21:31','2025-03-25 14:21:31',NULL,NULL,10022010020123,2087011531101184),('2025-03-25 14:21:31','2025-03-25 14:21:31',NULL,NULL,10022010020123,2087011731870720),('2025-03-25 14:21:31','2025-03-25 14:21:31',NULL,NULL,10022010020123,2087011946386432),('2025-03-25 14:21:31','2025-03-25 14:21:31',NULL,NULL,10022010020123,2087066698732544);
/*!40000 ALTER TABLE `sys_role_api_rel` ENABLE KEYS */;
UNLOCK TABLES;

--
-- Table structure for table `sys_role_menu_rel`
--

DROP TABLE IF EXISTS `sys_role_menu_rel`;
/*!40101 SET @saved_cs_client     = @@character_set_client */;
/*!50503 SET character_set_client = utf8mb4 */;
CREATE TABLE `sys_role_menu_rel` (
  `create_time` datetime NOT NULL DEFAULT CURRENT_TIMESTAMP COMMENT '创建时间',
  `update_time` datetime NOT NULL DEFAULT CURRENT_TIMESTAMP ON UPDATE CURRENT_TIMESTAMP COMMENT '更新时间',
  `create_user` bigint unsigned DEFAULT NULL COMMENT '创建人',
  `update_user` bigint unsigned DEFAULT NULL COMMENT '更新人',
  `pk_role` bigint unsigned NOT NULL COMMENT '角色id',
  `pk_menu` bigint unsigned NOT NULL COMMENT '菜单id',
  `is_half` bit(1) DEFAULT NULL COMMENT '是否部分树',
  PRIMARY KEY (`pk_role`,`pk_menu`)
) ENGINE=InnoDB DEFAULT CHARSET=utf8mb4 COLLATE=utf8mb4_general_ci COMMENT='角色菜单关联表';
/*!40101 SET character_set_client = @saved_cs_client */;

--
-- Dumping data for table `sys_role_menu_rel`
--

LOCK TABLES `sys_role_menu_rel` WRITE;
/*!40000 ALTER TABLE `sys_role_menu_rel` DISABLE KEYS */;
INSERT INTO `sys_role_menu_rel` VALUES ('2025-03-24 16:39:04','2025-03-24 16:39:04',NULL,NULL,10022010020122,2019078096098304,_binary '\0'),('2025-03-24 16:39:04','2025-03-24 16:39:04',NULL,NULL,10022010020122,2019078504993792,_binary '\0'),('2025-03-24 16:39:04','2025-03-24 16:39:04',NULL,NULL,10022010020122,2019078839931904,_binary '\0'),('2025-03-24 16:39:04','2025-03-24 16:39:04',NULL,NULL,10022010020122,2026038219789312,_binary '\0'),('2025-03-24 16:39:04','2025-03-24 16:39:04',NULL,NULL,10022010020122,2026038595359744,_binary '\0'),('2025-03-24 16:39:04','2025-03-24 16:39:04',NULL,NULL,10022010020122,2026038918730752,_binary '\0'),('2025-03-24 16:39:04','2025-03-24 16:39:04',NULL,NULL,10022010020122,2026039174796288,_binary '\0'),('2025-03-24 16:39:04','2025-03-24 16:39:04',NULL,NULL,10022010020122,2026093822546944,_binary '\0'),('2025-03-24 16:39:04','2025-03-24 16:39:04',NULL,NULL,10022010020122,2026094149145600,_binary '\0'),('2025-03-24 16:39:04','2025-03-24 16:39:04',NULL,NULL,10022010020122,2026094418236416,_binary '\0'),('2025-03-24 16:39:04','2025-03-24 16:39:04',NULL,NULL,10022010020122,2037198229443584,_binary '\0'),('2025-03-24 16:39:04','2025-03-24 16:39:04',NULL,NULL,10022010020122,2037198584419328,_binary '\0'),('2025-03-24 16:39:04','2025-03-24 16:39:04',NULL,NULL,10022010020122,2037199116555264,_binary '\0'),('2025-03-24 16:39:04','2025-03-24 16:39:04',NULL,NULL,10022010020122,2037199410172928,_binary '\0'),('2025-03-24 16:39:04','2025-03-24 16:39:04',NULL,NULL,10022010020122,2038859592897536,_binary '\0'),('2025-03-24 16:39:04','2025-03-24 16:39:04',NULL,NULL,10022010020122,2051380118705152,_binary '\0'),('2025-03-25 14:21:31','2025-03-25 14:21:31',NULL,NULL,10022010020123,2019078096098304,_binary '\0'),('2025-03-25 14:21:31','2025-03-25 14:21:31',NULL,NULL,10022010020123,2019078504993792,_binary '\0'),('2025-03-25 14:21:31','2025-03-25 14:21:31',NULL,NULL,10022010020123,2019078839931904,_binary '\0'),('2025-03-25 14:21:31','2025-03-25 14:21:31',NULL,NULL,10022010020123,2026038219789312,_binary '\0'),('2025-03-25 14:21:31','2025-03-25 14:21:31',NULL,NULL,10022010020123,2026038595359744,_binary '\0'),('2025-03-25 14:21:31','2025-03-25 14:21:31',NULL,NULL,10022010020123,2026038918730752,_binary '\0'),('2025-03-25 14:21:31','2025-03-25 14:21:31',NULL,NULL,10022010020123,2026039174796288,_binary '\0'),('2025-03-25 14:21:31','2025-03-25 14:21:31',NULL,NULL,10022010020123,2026093822546944,_binary '\0'),('2025-03-25 14:21:31','2025-03-25 14:21:31',NULL,NULL,10022010020123,2026094149145600,_binary '\0'),('2025-03-25 14:21:31','2025-03-25 14:21:31',NULL,NULL,10022010020123,2026094418236416,_binary '\0'),('2025-03-25 14:21:31','2025-03-25 14:21:31',NULL,NULL,10022010020123,2037198229443584,_binary '\0'),('2025-03-25 14:21:31','2025-03-25 14:21:31',NULL,NULL,10022010020123,2037198584419328,_binary '\0'),('2025-03-25 14:21:31','2025-03-25 14:21:31',NULL,NULL,10022010020123,2037199116555264,_binary '\0'),('2025-03-25 14:21:31','2025-03-25 14:21:31',NULL,NULL,10022010020123,2037199410172928,_binary '\0'),('2025-03-25 14:21:31','2025-03-25 14:21:31',NULL,NULL,10022010020123,2038859592897536,_binary '\0'),('2025-03-25 14:21:31','2025-03-25 14:21:31',NULL,NULL,10022010020123,2051380118705152,_binary '\0');
/*!40000 ALTER TABLE `sys_role_menu_rel` ENABLE KEYS */;
UNLOCK TABLES;

--
-- Table structure for table `sys_tenant`
--

DROP TABLE IF EXISTS `sys_tenant`;
/*!40101 SET @saved_cs_client     = @@character_set_client */;
/*!50503 SET character_set_client = utf8mb4 */;
CREATE TABLE `sys_tenant` (
  `id` bigint unsigned NOT NULL COMMENT 'ID',
  `create_time` datetime NOT NULL DEFAULT CURRENT_TIMESTAMP COMMENT '创建时间',
  `update_time` datetime NOT NULL DEFAULT CURRENT_TIMESTAMP ON UPDATE CURRENT_TIMESTAMP COMMENT '更新时间',
  `create_user` bigint unsigned DEFAULT NULL COMMENT '创建人',
  `update_user` bigint unsigned DEFAULT NULL COMMENT '更新人',
  `name` varchar(100) CHARACTER SET utf8mb4 COLLATE utf8mb4_0900_ai_ci DEFAULT NULL COMMENT '租户名称',
  `enabled` tinyint DEFAULT '0' COMMENT '是否启用（0 否 1 是）',
  PRIMARY KEY (`id`)
) ENGINE=InnoDB DEFAULT CHARSET=utf8mb4 COLLATE=utf8mb4_general_ci COMMENT='租户表';
/*!40101 SET character_set_client = @saved_cs_client */;

--
-- Dumping data for table `sys_tenant`
--

LOCK TABLES `sys_tenant` WRITE;
/*!40000 ALTER TABLE `sys_tenant` DISABLE KEYS */;
/*!40000 ALTER TABLE `sys_tenant` ENABLE KEYS */;
UNLOCK TABLES;

--
-- Table structure for table `sys_user`
--

DROP TABLE IF EXISTS `sys_user`;
/*!40101 SET @saved_cs_client     = @@character_set_client */;
/*!50503 SET character_set_client = utf8mb4 */;
CREATE TABLE `sys_user` (
  `id` bigint unsigned NOT NULL COMMENT 'ID',
  `create_time` datetime NOT NULL DEFAULT CURRENT_TIMESTAMP COMMENT '创建时间',
  `update_time` datetime NOT NULL DEFAULT CURRENT_TIMESTAMP ON UPDATE CURRENT_TIMESTAMP COMMENT '更新时间',
  `create_user` bigint unsigned DEFAULT NULL COMMENT '创建人',
  `update_user` bigint unsigned DEFAULT NULL COMMENT '更新人',
  `name` varchar(100) CHARACTER SET utf8mb4 COLLATE utf8mb4_0900_ai_ci NOT NULL COMMENT '账号名称',
  `password` varchar(100) CHARACTER SET utf8mb4 COLLATE utf8mb4_0900_ai_ci DEFAULT NULL COMMENT '密码',
  `description` varchar(100) CHARACTER SET utf8mb4 COLLATE utf8mb4_general_ci DEFAULT NULL COMMENT '描述',
  `email` varchar(100) CHARACTER SET utf8mb4 COLLATE utf8mb4_general_ci DEFAULT NULL COMMENT '邮箱',
  `mobile_phone` varchar(100) CHARACTER SET utf8mb4 COLLATE utf8mb4_general_ci DEFAULT NULL COMMENT '手机号',
  `enabled` tinyint DEFAULT '0' COMMENT '是否启用（0 否 1 是）',
  `deleted` tinyint DEFAULT '0' COMMENT '是否删除（0 否 1 是）',
  PRIMARY KEY (`id`)
) ENGINE=InnoDB DEFAULT CHARSET=utf8mb4 COLLATE=utf8mb4_general_ci COMMENT='用户管理';
/*!40101 SET character_set_client = @saved_cs_client */;

--
-- Dumping data for table `sys_user`
--

LOCK TABLES `sys_user` WRITE;
/*!40000 ALTER TABLE `sys_user` DISABLE KEYS */;
INSERT INTO `sys_user` VALUES (10022010020121,'2024-06-18 05:33:38','2025-06-12 15:14:31',NULL,NULL,'admin','$2a$10$m0u0uiUwzLaccVwKxxcHKOaq4jtliEwXPVqD4xR0TI1fvwNWq4Ym2','管理员','',NULL,1,0),(2027570088367104,'2024-12-03 15:50:57','2025-03-25 11:35:59',NULL,NULL,'user','$2a$10$HXhrXnK2TzR75iUEMzXGZuBuLmBglBXse5rN4/20vVVR/kvF7U9nS','用户','111@a.com','123123',1,0);
/*!40000 ALTER TABLE `sys_user` ENABLE KEYS */;
UNLOCK TABLES;

--
-- Table structure for table `sys_user_role_rel`
--

DROP TABLE IF EXISTS `sys_user_role_rel`;
/*!40101 SET @saved_cs_client     = @@character_set_client */;
/*!50503 SET character_set_client = utf8mb4 */;
CREATE TABLE `sys_user_role_rel` (
  `id` bigint unsigned NOT NULL COMMENT 'ID',
  `create_time` datetime NOT NULL DEFAULT CURRENT_TIMESTAMP COMMENT '创建时间',
  `update_time` datetime NOT NULL DEFAULT CURRENT_TIMESTAMP ON UPDATE CURRENT_TIMESTAMP COMMENT '更新时间',
  `create_user` bigint unsigned DEFAULT NULL COMMENT '创建人',
  `update_user` bigint unsigned DEFAULT NULL COMMENT '更新人',
  `pk_user` bigint unsigned NOT NULL COMMENT '用户id',
  `pk_role` bigint unsigned NOT NULL COMMENT '角色id',
  PRIMARY KEY (`id`)
) ENGINE=InnoDB DEFAULT CHARSET=utf8mb4 COLLATE=utf8mb4_general_ci COMMENT='用户角色关联表';
/*!40101 SET character_set_client = @saved_cs_client */;

--
-- Dumping data for table `sys_user_role_rel`
--

LOCK TABLES `sys_user_role_rel` WRITE;
/*!40000 ALTER TABLE `sys_user_role_rel` DISABLE KEYS */;
INSERT INTO `sys_user_role_rel` VALUES (2180125309490176,'2025-03-21 10:18:08','2025-03-21 10:18:08',NULL,NULL,2027570088367104,10022010020123),(2181573197157376,'2025-03-22 10:51:00','2025-03-22 10:51:00',NULL,NULL,10022010020121,10022010020123),(2181573197157377,'2025-03-22 10:51:00','2025-03-22 10:51:00',NULL,NULL,10022010020121,10022010020122);
/*!40000 ALTER TABLE `sys_user_role_rel` ENABLE KEYS */;
UNLOCK TABLES;

--
-- Dumping events for database 'nebula'
--

--
-- Dumping routines for database 'nebula'
--
/*!40103 SET TIME_ZONE=@OLD_TIME_ZONE */;

/*!40101 SET SQL_MODE=@OLD_SQL_MODE */;
/*!40014 SET FOREIGN_KEY_CHECKS=@OLD_FOREIGN_KEY_CHECKS */;
/*!40014 SET UNIQUE_CHECKS=@OLD_UNIQUE_CHECKS */;
/*!40101 SET CHARACTER_SET_CLIENT=@OLD_CHARACTER_SET_CLIENT */;
/*!40101 SET CHARACTER_SET_RESULTS=@OLD_CHARACTER_SET_RESULTS */;
/*!40101 SET COLLATION_CONNECTION=@OLD_COLLATION_CONNECTION */;
/*!40111 SET SQL_NOTES=@OLD_SQL_NOTES */;

-- Dump completed on 2025-06-13 16:09:43
